	model_id	variable	relative_importance	scaled_importance	percentage
0	GBM_1_AutoML_20190415_201144	supply_area	5.355707768835502e+20	1.0	0.2828908289899341
1	GBM_1_AutoML_20190415_201144	city	3.4799806901901066e+20	0.6497704580596941	0.18381410353367608
2	GBM_1_AutoML_20190415_201144	exclusive_use_area	2.3511374347003914e+20	0.4389965875997752	0.12418810858985264
3	GBM_1_AutoML_20190415_201144	apartment_building_count_in_sites	1.1646203962873138e+20	0.2174540595855809	0.06151575918339151
4	GBM_1_AutoML_20190415_201144	total_parking_capacity_in_site	1.1368426863669019e+20	0.21226749767455794	0.060048528384774605
5	GBM_1_AutoML_20190415_201144	room_count	8.192512155898505e+19	0.15296787109203705	0.04327320786205174
6	GBM_1_AutoML_20190415_201144	floor	7.808684961172134e+19	0.14580117695387226	0.041245815816188997
7	GBM_1_AutoML_20190415_201144	total_household_count_in_sites	7.225703665111348e+19	0.13491594345675886	0.03816648308844159
8	GBM_1_AutoML_20190415_201144	heat_fuel_gas	6.984222324349416e+19	0.130407083915036	0.036890968074884435
9	GBM_1_AutoML_20190415_201144	heat_fuel_cogeneration	5.1422386418339545e+19	0.09601417522733952	0.02716152962484687
10	GBM_1_AutoML_20190415_201144	bathroom_count	5.025567703792039e+19	0.09383573414956421	0.026545268622449287
11	GBM_1_AutoML_20190415_201144	total_household_count_of_area_type	4.750154554587637e+19	0.08869331112926777	0.02509052431122071
12	GBM_1_AutoML_20190415_201144	heat_type_district	3.301082891574208e+19	0.06163672541625561	0.01743646434922949
13	GBM_1_AutoML_20190415_201144	heat_type_individual	1.934912646076485e+19	0.03612804748861783	0.010220293303842805
14	GBM_1_AutoML_20190415_201144	front_door_structure_stairway	1.4116900268876497e+19	0.026358608195581126	0.007456608523468815
15	GBM_1_AutoML_20190415_201144	front_door_structure_mixed	1.1968775605597503e+19	0.022347701036346663	0.006321959672191318
16	GBM_1_AutoML_20190415_201144	heat_type_central	8.398264426511204e+18	0.01568096092804042	0.004436000036292121
17	GBM_1_AutoML_20190415_201144	front_door_structure_corridor	6.24293961133772e+18	0.011656609883879324	0.0032975480332628816
18	XGBoost_1_AutoML_20190415_201144	exclusive_use_area	6.659192701390925e+20	1.0	0.23969571593578698
19	XGBoost_1_AutoML_20190415_201144	supply_area	5.3449107405726024e+20	0.8026364426210695	0.19238851675021046
20	XGBoost_1_AutoML_20190415_201144	city	4.445413120184869e+20	0.6675603664775075	0.16001135997318247
21	XGBoost_1_AutoML_20190415_201144	total_parking_capacity_in_site	1.9378264398510214e+20	0.29100020479153005	0.06975150242496642
22	XGBoost_1_AutoML_20190415_201144	apartment_building_count_in_sites	1.7007986489471638e+20	0.2554061318261466	0.06121975562245819
23	XGBoost_1_AutoML_20190415_201144	total_household_count_in_sites	1.678652901467011e+20	0.25208054140202096	0.06042262584483821
24	XGBoost_1_AutoML_20190415_201144	floor	9.888688282040638e+19	0.14849680322323694	0.03559404756276945
25	XGBoost_1_AutoML_20190415_201144	heat_fuel_cogeneration	9.273449074039508e+19	0.13925785736914528	0.03337951182178099
26	XGBoost_1_AutoML_20190415_201144	total_household_count_of_area_type	8.440436194994553e+19	0.12674864016521964	0.030381106048289766
27	XGBoost_1_AutoML_20190415_201144	bathroom_count	7.176093700466095e+19	0.10776221716736328	0.0258301417947589
28	XGBoost_1_AutoML_20190415_201144	room_count	7.142757387521229e+19	0.1072616112464999	0.025710148700155852
29	XGBoost_1_AutoML_20190415_201144	heat_type_individual	5.170253318500385e+19	0.0776408425216537	0.018610177334085473
30	XGBoost_1_AutoML_20190415_201144	heat_fuel_gas	4.318938848508772e+19	0.06485679334083037	0.015545895513129718
31	XGBoost_1_AutoML_20190415_201144	heat_type_district	3.980597570214193e+19	0.05977597809089912	0.01432804586425998
32	XGBoost_1_AutoML_20190415_201144	front_door_structure_stairway	1.7195903362067857e+19	0.025822804855123203	0.006189615697218872
33	XGBoost_1_AutoML_20190415_201144	front_door_structure_corridor	1.3596492619357094e+19	0.020417629026589296	0.0048940182072396265
34	XGBoost_1_AutoML_20190415_201144	front_door_structure_mixed	9.147930146026553e+18	0.013737296030066525	0.00329277100694864
35	XGBoost_1_AutoML_20190415_201144	heat_type_central	7.654024247123116e+18	0.011493922146935915	0.002755043897920002
36	XGBoost_1_AutoML_20190415_220045	exclusive_use_area	6.655784039422959e+20	1.0	0.24491073410516995
37	XGBoost_1_AutoML_20190415_220045	supply_area	5.986703946032894e+20	0.8994738877603258	0.2202908101598126
38	XGBoost_1_AutoML_20190415_220045	city	5.0350342350243994e+20	0.7564900250971672	0.18527252738978564
39	XGBoost_1_AutoML_20190415_220045	total_parking_capacity_in_site	1.722465361201327e+20	0.25879225512711507	0.06338100118391418
40	XGBoost_1_AutoML_20190415_220045	apartment_building_count_in_sites	1.4204837889452068e+20	0.2134209554474005	0.05226908287204963
41	XGBoost_1_AutoML_20190415_220045	total_household_count_in_sites	1.3707762756283374e+20	0.20595263721134505	0.05044001157032625
42	XGBoost_1_AutoML_20190415_220045	total_household_count_of_area_type	9.421039598468438e+19	0.14154665389782117	0.0346662949162458
43	XGBoost_1_AutoML_20190415_220045	floor	8.81025297275515e+19	0.13236987439152215	0.03241880311063682
44	XGBoost_1_AutoML_20190415_220045	heat_type_district	8.304724794192114e+19	0.12477455315560561	0.03055862741098392
45	XGBoost_1_AutoML_20190415_220045	heat_fuel_cogeneration	6.282620876032993e+19	0.09439340036906728	0.023117956979071486
46	XGBoost_1_AutoML_20190415_220045	heat_type_individual	4.833333928642845e+19	0.07261855102290674	0.01778506264067383
47	XGBoost_1_AutoML_20190415_220045	bathroom_count	3.917963670435607e+19	0.05886554682707652	0.014416804286921568
48	XGBoost_1_AutoML_20190415_220045	heat_fuel_gas	2.137581666182575e+19	0.03211615120805359	0.007865590168997046
49	XGBoost_1_AutoML_20190415_220045	room_count	2.089374238569713e+19	0.03139185746103109	0.007688202855705981
50	XGBoost_1_AutoML_20190415_220045	front_door_structure_stairway	1.2174809790991565e+19	0.018292074560831293	0.004479925408999695
51	XGBoost_1_AutoML_20190415_220045	front_door_structure_corridor	1.2041720505519047e+19	0.018092114218542215	0.004430952974777757
52	XGBoost_1_AutoML_20190415_220045	front_door_structure_mixed	8.302938417650467e+18	0.012474771369490396	0.003055205413896049
53	XGBoost_1_AutoML_20190415_220045	heat_type_central	8.023568455951188e+18	0.012055031245645423	0.0029524065520317817
54	XGBoost_1_AutoML_20190415_220145	exclusive_use_area	6.332882279327471e+20	1.0	0.23090731334054496
55	XGBoost_1_AutoML_20190415_220145	supply_area	5.8009684605257174e+20	0.9160076257002142	0.211512859849888
56	XGBoost_1_AutoML_20190415_220145	city	4.110613412823821e+20	0.6490904506850163	0.1498797320826806
57	XGBoost_1_AutoML_20190415_220145	total_parking_capacity_in_site	1.754171406265457e+20	0.27699415983013403	0.06395997725739776
58	XGBoost_1_AutoML_20190415_220145	total_household_count_in_sites	1.6378151044709456e+20	0.2586208036453309	0.05971743494371598
59	XGBoost_1_AutoML_20190415_220145	apartment_building_count_in_sites	1.6015859324529358e+20	0.2529000006333638	0.05839645969007215
60	XGBoost_1_AutoML_20190415_220145	floor	1.0196263905576092e+20	0.16100510724571526	0.03717725674821442
61	XGBoost_1_AutoML_20190415_220145	total_household_count_of_area_type	1.00152200801651e+20	0.1581463169283589	0.03651714115662969
62	XGBoost_1_AutoML_20190415_220145	heat_fuel_cogeneration	8.188806361908249e+19	0.1293061516181834	0.02985773606855989
63	XGBoost_1_AutoML_20190415_220145	bathroom_count	7.597291096397316e+19	0.11996577168657115	0.027700974032971358
64	XGBoost_1_AutoML_20190415_220145	heat_type_individual	7.010001034169601e+19	0.11069211024263723	0.02555961778412278
65	XGBoost_1_AutoML_20190415_220145	heat_fuel_gas	6.200651844377641e+19	0.09791200232188949	0.0226085973999407
66	XGBoost_1_AutoML_20190415_220145	room_count	5.528618902560021e+19	0.0873002001096275	0.020158254661406035
67	XGBoost_1_AutoML_20190415_220145	heat_type_district	3.207551835445815e+19	0.0506491624819283	0.011695262031650791
68	XGBoost_1_AutoML_20190415_220145	front_door_structure_stairway	1.6103149332756169e+19	0.025427836208675374	0.005871473343008659
69	XGBoost_1_AutoML_20190415_220145	front_door_structure_corridor	1.0288708644216242e+19	0.016246486497628165	0.0037514325483907593
70	XGBoost_1_AutoML_20190415_220145	heat_type_central	8.787238105313706e+18	0.01387557468737107	0.003203971672116926
71	XGBoost_1_AutoML_20190415_220145	front_door_structure_mixed	4.1811205635251896e+18	0.00660223951607894	0.0015245053886885677
72	GBM_grid_1_AutoML_20190415_201144_model_3	supply_area	7.068391170908692e+20	1.0	0.316108976311402
73	GBM_grid_1_AutoML_20190415_201144_model_3	city	4.0054659723675094e+20	0.5666729352575685	0.17913040146764733
74	GBM_grid_1_AutoML_20190415_201144_model_3	exclusive_use_area	3.4086295983437224e+20	0.4822355633588285	0.15243899027431151
75	GBM_grid_1_AutoML_20190415_201144_model_3	apartment_building_count_in_sites	1.3766996526304225e+20	0.19476845852794503	0.061568058043018466
76	GBM_grid_1_AutoML_20190415_201144_model_3	total_parking_capacity_in_site	1.260950896980955e+20	0.17839291381759376	0.056391601368087726
77	GBM_grid_1_AutoML_20190415_201144_model_3	heat_fuel_gas	1.051026947311078e+20	0.14869394207224682	0.04700348981216485
78	GBM_grid_1_AutoML_20190415_201144_model_3	floor	9.007452582220032e+19	0.12743285373469307	0.04028266894251445
79	GBM_grid_1_AutoML_20190415_201144_model_3	total_household_count_in_sites	8.0557839267427e+19	0.11396913006028599	0.03602666503445804
80	GBM_grid_1_AutoML_20190415_201144_model_3	total_household_count_of_area_type	6.830770523335138e+19	0.0966382640430042	0.030548222719145025
81	GBM_grid_1_AutoML_20190415_201144_model_3	heat_type_district	4.1119082856776204e+19	0.05817318518817918	0.018389066018608936
82	GBM_grid_1_AutoML_20190415_201144_model_3	heat_fuel_cogeneration	4.0739711762774884e+19	0.057636470276923715	0.018219405617440905
83	GBM_grid_1_AutoML_20190415_201144_model_3	heat_type_individual	2.681387582848028e+19	0.037934906515697496	0.01199156446514587
84	GBM_grid_1_AutoML_20190415_201144_model_3	bathroom_count	2.1424366697261826e+19	0.03031010335907537	0.009581295744730104
85	GBM_grid_1_AutoML_20190415_201144_model_3	room_count	1.659422641009302e+19	0.023476666767382248	0.007421185099041114
86	GBM_grid_1_AutoML_20190415_201144_model_3	front_door_structure_stairway	1.2998376985544622e+19	0.018389442054426636	0.005813067702762649
87	GBM_grid_1_AutoML_20190415_201144_model_3	front_door_structure_mixed	7.845842846681661e+18	0.011099899053369767	0.0035087777269206177
88	GBM_grid_1_AutoML_20190415_201144_model_3	heat_type_central	7.645418369612513e+18	0.01081634870616483	0.0034191449169329218
89	GBM_grid_1_AutoML_20190415_201144_model_3	front_door_structure_corridor	4.824121010762547e+18	0.00682492082585516	0.002157418735667443
90	XGBoost_1_AutoML_20190416_013912	supply_area	8.176304826739505e+20	1.0	0.29837942640042636
91	XGBoost_1_AutoML_20190416_013912	exclusive_use_area	4.686171334139445e+20	0.5731404874747272	0.17101332989956985
92	XGBoost_1_AutoML_20190416_013912	city	3.919057376641989e+20	0.4793188927870251	0.14301889629268
93	XGBoost_1_AutoML_20190416_013912	total_parking_capacity_in_site	1.702965302580394e+20	0.20828055443958926	0.062146632364047424
94	XGBoost_1_AutoML_20190416_013912	apartment_building_count_in_sites	1.655867678024144e+20	0.202520296529167	0.060427889912817105
95	XGBoost_1_AutoML_20190416_013912	heat_fuel_cogeneration	1.3402210234143028e+20	0.16391524677887379	0.04890893731216469
96	XGBoost_1_AutoML_20190416_013912	total_household_count_in_sites	1.1910454430227707e+20	0.14567038145735672	0.0434650448627774
97	XGBoost_1_AutoML_20190416_013912	floor	9.792230325959105e+19	0.11976351828193749	0.03573496988866148
98	XGBoost_1_AutoML_20190416_013912	total_household_count_of_area_type	9.216593767571862e+19	0.11272321620679102	0.03363428859379355
99	XGBoost_1_AutoML_20190416_013912	heat_fuel_gas	6.064333073352019e+19	0.0741696059755433	0.022130684487328245
100	XGBoost_1_AutoML_20190416_013912	heat_type_individual	5.4212990910100144e+19	0.06630500214816337	0.019784048508448025
101	XGBoost_1_AutoML_20190416_013912	bathroom_count	5.396423300138559e+19	0.06600075968902581	0.019693268818003904
102	XGBoost_1_AutoML_20190416_013912	heat_type_district	4.63320170176436e+19	0.05666620557751341	0.016908029916507094
103	XGBoost_1_AutoML_20190416_013912	room_count	2.7078185229658096e+19	0.033117876355468714	0.009881692950544996
104	XGBoost_1_AutoML_20190416_013912	front_door_structure_stairway	1.855124825588315e+19	0.022689036978188224	0.006769941839129865
105	XGBoost_1_AutoML_20190416_013912	heat_type_central	8.784118790825705e+18	0.010743384666993367	0.0032056049545366163
106	XGBoost_1_AutoML_20190416_013912	front_door_structure_corridor	7.844782367716671e+18	0.009594532657419236	0.00286281115090091
107	XGBoost_1_AutoML_20190416_013912	front_door_structure_mixed	5.575018183301005e+18	0.006818505793801447	0.0020345018476624595
108	GBM_4_AutoML_20190415_201144	supply_area	4.709318077005525e+20	1.0	0.2524534884844045
109	GBM_4_AutoML_20190415_201144	city	3.4071011892201836e+20	0.7234807956286164	0.18264525070791673
110	GBM_4_AutoML_20190415_201144	exclusive_use_area	2.9909882868995195e+20	0.6351213143796339	0.1603385914259388
111	GBM_4_AutoML_20190415_201144	apartment_building_count_in_sites	1.4203504401749901e+20	0.3016042698645101	0.07614105006908733
112	GBM_4_AutoML_20190415_201144	total_parking_capacity_in_site	1.0237580034110705e+20	0.2173898612645929	0.054880828837387194
113	GBM_4_AutoML_20190415_201144	total_household_count_in_sites	9.405972770730698e+19	0.19973109942727835	0.050422812809241865
114	GBM_4_AutoML_20190415_201144	floor	7.361088291058011e+19	0.15630900632939718	0.03946075392938718
115	GBM_4_AutoML_20190415_201144	room_count	7.3282467583456444e+19	0.15561163290557337	0.039284699575766545
116	GBM_4_AutoML_20190415_201144	heat_fuel_cogeneration	5.399552950035861e+19	0.11465679025590961	0.02894550667852906
117	GBM_4_AutoML_20190415_201144	total_household_count_of_area_type	4.584223736402752e+19	0.09734368461511278	0.02457475276301088
118	GBM_4_AutoML_20190415_201144	heat_type_district	4.4481200298515235e+19	0.09445359088337292	0.02384513851838624
119	GBM_4_AutoML_20190415_201144	bathroom_count	3.5206113831759643e+19	0.07475841142194808	0.018873021757023146
120	GBM_4_AutoML_20190415_201144	heat_type_individual	3.421989588210968e+19	0.07266422722473824	0.018344337650908607
121	GBM_4_AutoML_20190415_201144	heat_fuel_gas	1.940167871852603e+19	0.04119848861613275	0.01040070217142774
122	GBM_4_AutoML_20190415_201144	front_door_structure_stairway	1.669366184366257e+19	0.03544815102885857	0.008949009387557381
123	GBM_4_AutoML_20190415_201144	front_door_structure_corridor	1.0445965195267277e+19	0.02218148153184307	0.005599792392466175
124	GBM_4_AutoML_20190415_201144	heat_type_central	6.89302586126028e+18	0.014636993612551418	0.003695160098412552
125	GBM_4_AutoML_20190415_201144	front_door_structure_mixed	2.1360976553385656e+18	0.004535895899171942	0.0011451027431480614
126	XGBoost_1_AutoML_20190415_195347	exclusive_use_area	5.4373640114229844e+20	1.0	0.2074506949122218
127	XGBoost_1_AutoML_20190415_195347	supply_area	5.016001248942946e+20	0.9225060596283738	0.19137452313064165
128	XGBoost_1_AutoML_20190415_195347	city	4.1238381627608505e+20	0.7584259862126873	0.15733599787930913
129	XGBoost_1_AutoML_20190415_195347	apartment_building_count_in_sites	1.6375631843667896e+20	0.30116857744424425	0.06247763067653375
130	XGBoost_1_AutoML_20190415_195347	total_household_count_in_sites	1.4934133396844262e+20	0.2746575981573087	0.056977909600655456
131	XGBoost_1_AutoML_20190415_195347	total_parking_capacity_in_site	1.4122018275601469e+20	0.2597217741157938	0.05387946252415652
132	XGBoost_1_AutoML_20190415_195347	bathroom_count	1.1424047198676346e+20	0.2101026742862231	0.04358594578359317
133	XGBoost_1_AutoML_20190415_195347	total_household_count_of_area_type	1.0330985745913532e+20	0.1899998919367891	0.03941560961553395
134	XGBoost_1_AutoML_20190415_195347	heat_fuel_cogeneration	1.0166819863793553e+20	0.18698067376829616	0.03878927070838848
135	XGBoost_1_AutoML_20190415_195347	room_count	1.0125002357956674e+20	0.1862115969555423	0.03862972518914181
136	XGBoost_1_AutoML_20190415_195347	floor	8.926246171829705e+19	0.16416495480304735	0.034056133954125656
137	XGBoost_1_AutoML_20190415_195347	heat_type_district	6.4316469228431475e+19	0.11828612006353341	0.024538537805650504
138	XGBoost_1_AutoML_20190415_195347	heat_type_individual	5.906914234384725e+19	0.10863562237097414	0.022536535353080294
139	XGBoost_1_AutoML_20190415_195347	heat_fuel_gas	2.711290340881675e+19	0.04986405793663458	0.010344333470098131
140	XGBoost_1_AutoML_20190415_195347	front_door_structure_stairway	1.7367912060628763e+19	0.03194178654241597	0.006626345814962048
141	XGBoost_1_AutoML_20190415_195347	front_door_structure_corridor	1.6851412075434476e+19	0.030991877755530993	0.006429286577019533
142	XGBoost_1_AutoML_20190415_195347	heat_type_central	9.520780036563534e+18	0.017509918439453348	0.003632444748120923
143	XGBoost_1_AutoML_20190415_195347	front_door_structure_mixed	5.031378952598323e+18	0.009253342137896681	0.0019196122567672104
144	XGBoost_2_AutoML_20190415_201144	exclusive_use_area	6.526881870150873e+20	1.0	0.24078789972362635
145	XGBoost_2_AutoML_20190415_201144	supply_area	5.097257445219778e+20	0.7809636433793694	0.18804659544982952
146	XGBoost_2_AutoML_20190415_201144	city	4.594965349279612e+20	0.7040062070517291	0.16951617598838228
147	XGBoost_2_AutoML_20190415_201144	total_parking_capacity_in_site	1.7896606509384388e+20	0.27419841304666814	0.06602365998505862
148	XGBoost_2_AutoML_20190415_201144	apartment_building_count_in_sites	1.5796241992388077e+20	0.2420181996035258	0.05827505397742636
149	XGBoost_2_AutoML_20190415_201144	total_household_count_in_sites	1.4281231957349945e+20	0.21880634951678427	0.052685921346340196
150	XGBoost_2_AutoML_20190415_201144	floor	1.0066608614819444e+20	0.1542330444320842	0.0371374508367823
151	XGBoost_2_AutoML_20190415_201144	total_household_count_of_area_type	9.229505552519161e+19	0.1414075777091675	0.03404923364159593
152	XGBoost_2_AutoML_20190415_201144	heat_type_district	7.465959270310635e+19	0.11438784122100336	0.02754320804152505
153	XGBoost_2_AutoML_20190415_201144	room_count	7.1603724434075025e+19	0.10970586852741654	0.02641584567007291
154	XGBoost_2_AutoML_20190415_201144	heat_fuel_cogeneration	6.974409402973841e+19	0.10685668197657489	0.025729796024574945
155	XGBoost_2_AutoML_20190415_201144	bathroom_count	6.6668509318197805e+19	0.10214450122514125	0.02459515991831914
156	XGBoost_2_AutoML_20190415_201144	heat_fuel_gas	5.328622575318729e+19	0.08164116773260299	0.019658205309317767
157	XGBoost_2_AutoML_20190415_201144	heat_type_individual	3.8598333702843924e+19	0.05913747861649548	0.014239589271016812
158	XGBoost_2_AutoML_20190415_201144	front_door_structure_corridor	1.6587520488675213e+19	0.0254141576616152	0.006119421646585431
159	XGBoost_2_AutoML_20190415_201144	front_door_structure_stairway	1.5198521742956954e+19	0.023286037721111125	0.005606996115751486
160	XGBoost_2_AutoML_20190415_201144	heat_type_central	5.254419284339196e+18	0.008050428043395456	0.0019384456604453744
161	XGBoost_2_AutoML_20190415_201144	front_door_structure_mixed	4.421971609246499e+18	0.00677501400702428	0.0016313413933495263
162	XRT_1_AutoML_20190415_201144	supply_area	8.900004435672831e+20	1.0	0.20721955203584885
163	XRT_1_AutoML_20190415_201144	city	8.393169333608555e+20	0.943052264105309	0.19541886771429512
164	XRT_1_AutoML_20190415_201144	exclusive_use_area	6.243953778872948e+20	0.7015674906684372	0.1453785011392281
165	XRT_1_AutoML_20190415_201144	apartment_building_count_in_sites	3.2227737822840016e+20	0.3621092332680802	0.07503611310585627
166	XRT_1_AutoML_20190415_201144	total_parking_capacity_in_site	2.1303484629685528e+20	0.23936487654205318	0.04960108249016052
167	XRT_1_AutoML_20190415_201144	floor	2.1065687532485948e+20	0.2366930003770656	0.049047417508156534
168	XRT_1_AutoML_20190415_201144	room_count	2.040888854417349e+20	0.2293132401414427	0.04751818689799878
169	XRT_1_AutoML_20190415_201144	total_household_count_in_sites	1.9259532975677846e+20	0.21639913906651717	0.04484213265830705
170	XRT_1_AutoML_20190415_201144	bathroom_count	1.9185524408207593e+20	0.21556758254308878	0.04466981788802973
171	XRT_1_AutoML_20190415_201144	total_household_count_of_area_type	1.2798154378810334e+20	0.1437994157341429	0.02979805051144589
172	XRT_1_AutoML_20190415_201144	heat_type_district	1.2593671604323064e+20	0.14150185761532147	0.02932195154728738
173	XRT_1_AutoML_20190415_201144	heat_fuel_gas	1.0821356496980699e+20	0.12158821464859883	0.025195455372321283
174	XRT_1_AutoML_20190415_201144	heat_fuel_cogeneration	6.496713821951676e+19	0.07299674813544664	0.015126353448700938
175	XRT_1_AutoML_20190415_201144	heat_type_individual	5.587681148766939e+19	0.06278290296542438	0.013009845028005404
176	XRT_1_AutoML_20190415_201144	front_door_structure_stairway	3.610989039955896e+19	0.04057289034017104	0.00840749616108986
177	XRT_1_AutoML_20190415_201144	front_door_structure_corridor	3.6104454414071235e+19	0.04056678249435251	0.008406230496015443
178	XRT_1_AutoML_20190415_201144	front_door_structure_mixed	3.4129782108120416e+19	0.0383480506721121	0.0079464658817231
179	XRT_1_AutoML_20190415_201144	heat_type_central	1.7422434643226919e+19	0.01957575950568591	0.004056480115529744
180	GBM_3_AutoML_20190415_201144	supply_area	4.250261944863e+20	1.0	0.23529494299595097
181	GBM_3_AutoML_20190415_201144	exclusive_use_area	3.782286222552235e+20	0.8898948515687661	0.2093877583722631
182	GBM_3_AutoML_20190415_201144	city	3.5833347832010506e+20	0.8430856332353778	0.19837378601282343
183	GBM_3_AutoML_20190415_201144	total_parking_capacity_in_site	1.0738076847465038e+20	0.2526450601578431	0.05944610502804829
184	GBM_3_AutoML_20190415_201144	total_household_count_in_sites	9.340937977361701e+19	0.21977323041586772	0.05171152972273759
185	GBM_3_AutoML_20190415_201144	apartment_building_count_in_sites	9.120448072792618e+19	0.21458555239909102	0.05049089531949877
186	GBM_3_AutoML_20190415_201144	heat_type_district	6.097134144036484e+19	0.14345313825670608	0.03375379798870193
187	GBM_3_AutoML_20190415_201144	heat_fuel_gas	4.7492190900947255e+19	0.11173944457316992	0.02629172624124324
188	GBM_3_AutoML_20190415_201144	floor	4.568624745037169e+19	0.10749042775019907	0.025291954070093475
189	GBM_3_AutoML_20190415_201144	room_count	3.809644182913627e+19	0.08963316219881654	0.021090229790117362
190	GBM_3_AutoML_20190415_201144	total_household_count_of_area_type	3.7816290664425456e+19	0.08897402361313615	0.020935137814173266
191	GBM_3_AutoML_20190415_201144	bathroom_count	3.3032867526809223e+19	0.07771960400401623	0.018287029793792882
192	GBM_3_AutoML_20190415_201144	heat_fuel_cogeneration	2.9399751255148986e+19	0.06917162197657593	0.016275732849915903
193	GBM_3_AutoML_20190415_201144	front_door_structure_stairway	1.8336390489676186e+19	0.04314178920628203	0.010151044832035465
194	GBM_3_AutoML_20190415_201144	heat_type_individual	1.740394855422912e+19	0.04094794339738067	0.009634844007488113
195	GBM_3_AutoML_20190415_201144	front_door_structure_corridor	1.489001747190068e+19	0.035033175990240376	0.008243129147590726
196	GBM_3_AutoML_20190415_201144	heat_type_central	7.405010701955105e+18	0.017422480774167422	0.004099421620605775
197	GBM_3_AutoML_20190415_201144	front_door_structure_mixed	2.2415680333550715e+18	0.005273952670292006	0.001240934392919701
198	GBM_2_AutoML_20190415_201144	supply_area	4.646181128667e+20	1.0	0.2619435531299174
199	GBM_2_AutoML_20190415_201144	city	3.517274365385664e+20	0.757024805529865	0.1982977673679776
200	GBM_2_AutoML_20190415_201144	exclusive_use_area	3.270818042371302e+20	0.7039798819271833	0.18440299160398613
201	GBM_2_AutoML_20190415_201144	apartment_building_count_in_sites	1.0617441950102664e+20	0.22851975969238275	0.05985927781421762
202	GBM_2_AutoML_20190415_201144	total_parking_capacity_in_site	1.014614728597276e+20	0.2183760599295386	0.05720220105645512
203	GBM_2_AutoML_20190415_201144	heat_fuel_cogeneration	8.852563939410575e+19	0.1905341977476973	0.04990920475079014
204	GBM_2_AutoML_20190415_201144	total_household_count_in_sites	5.787991936333775e+19	0.12457525387079267	0.03263168463097693
205	GBM_2_AutoML_20190415_201144	bathroom_count	5.610352638727029e+19	0.12075191395598157	0.031630185388867874
206	GBM_2_AutoML_20190415_201144	floor	5.59932233807718e+19	0.12051450821685117	0.03156799848602662
207	GBM_2_AutoML_20190415_201144	heat_type_district	3.537930230629715e+19	0.07614705782348084	0.01994623088667185
208	GBM_2_AutoML_20190415_201144	total_household_count_of_area_type	3.3193453399069164e+19	0.07144244376153377	0.01871388756318046
209	GBM_2_AutoML_20190415_201144	heat_fuel_gas	2.6177944691253707e+19	0.056342927592158296	0.014758666647231607
210	GBM_2_AutoML_20190415_201144	room_count	2.255771689489426e+19	0.0485510923276599	0.012717645632645908
211	GBM_2_AutoML_20190415_201144	heat_type_individual	1.967544831774923e+19	0.04234757055929536	0.01109267309872171
212	GBM_2_AutoML_20190415_201144	front_door_structure_stairway	1.449060887799477e+19	0.031188213452522373	0.008169551447528
213	GBM_2_AutoML_20190415_201144	front_door_structure_corridor	5.105951679484789e+18	0.010989566566789656	0.00287864611386263
214	GBM_2_AutoML_20190415_201144	heat_type_central	4.3366967859310756e+18	0.009333895226713393	0.0024449536802276825
215	GBM_2_AutoML_20190415_201144	front_door_structure_mixed	3.2510423031999365e+18	0.0069972353921825435	0.0018328807007147066
216	DRF_1_AutoML_20190415_201144	supply_area	1.0766007609404036e+21	1.0	0.268027942824505
217	DRF_1_AutoML_20190415_201144	city	7.32856975088142e+20	0.6807137814467048	0.18245031449344995
218	DRF_1_AutoML_20190415_201144	exclusive_use_area	5.35235610555032e+20	0.4971532902201437	0.1332509736461392
219	DRF_1_AutoML_20190415_201144	apartment_building_count_in_sites	2.5560441808713312e+20	0.2374180173009207	0.0636346627666385
220	DRF_1_AutoML_20190415_201144	total_household_count_in_sites	2.019187309634818e+20	0.1875520975733912	0.05026920288501687
221	DRF_1_AutoML_20190415_201144	floor	1.9668269826233808e+20	0.18268861159872954	0.048965652744272475
222	DRF_1_AutoML_20190415_201144	total_parking_capacity_in_site	1.949243240828266e+20	0.18105534674948726	0.04852789212664249
223	DRF_1_AutoML_20190415_201144	bathroom_count	1.4646471248301785e+20	0.13604366427818784	0.03646350347079028
224	DRF_1_AutoML_20190415_201144	total_household_count_of_area_type	1.4189903882718963e+20	0.13180284091870953	0.0353268443098672
225	DRF_1_AutoML_20190415_201144	room_count	1.1233540536392063e+20	0.10434267691376736	0.027966753041999033
226	DRF_1_AutoML_20190415_201144	heat_type_district	1.0344218588256141e+20	0.09608221509355552	0.025752718453547287
227	DRF_1_AutoML_20190415_201144	heat_fuel_gas	7.3186106384398156e+19	0.06797887298581377	0.01822023748191598
228	DRF_1_AutoML_20190415_201144	heat_fuel_cogeneration	7.051128926313539e+19	0.06549437063516865	0.01755432142792992
229	DRF_1_AutoML_20190415_201144	heat_type_individual	6.842106928022159e+19	0.06355287100155516	0.017033945275137966
230	DRF_1_AutoML_20190415_201144	front_door_structure_corridor	3.812498075294682e+19	0.035412366530044904	0.009491503751595288
231	DRF_1_AutoML_20190415_201144	front_door_structure_stairway	3.812169101415652e+19	0.035409310858054266	0.009490684746117691
232	DRF_1_AutoML_20190415_201144	front_door_structure_mixed	1.9883058103305896e+19	0.018468367127976185	0.004950038448639167
233	DRF_1_AutoML_20190415_201144	heat_type_central	1.0535159777535721e+19	0.009785577123625037	0.0026228081057957553
234	XGBoost_2_AutoML_20190415_220145	supply_area	5.534194218161217e+20	1.0	0.21644405296695066
235	XGBoost_2_AutoML_20190415_220145	exclusive_use_area	5.393652003070982e+20	0.9746047555344143	0.21094740332873277
236	XGBoost_2_AutoML_20190415_220145	city	4.251915962194896e+20	0.768299014198246	0.16629375252358114
237	XGBoost_2_AutoML_20190415_220145	total_parking_capacity_in_site	1.4481564735149336e+20	0.2616743136268347	0.05663784899873707
238	XGBoost_2_AutoML_20190415_220145	apartment_building_count_in_sites	1.4016956860934914e+20	0.2532790919215728	0.05482075318729406
239	XGBoost_2_AutoML_20190415_220145	total_household_count_in_sites	1.3930465757856845e+20	0.25171624284782257	0.05448248379959592
240	XGBoost_2_AutoML_20190415_220145	total_household_count_of_area_type	9.506467253900123e+19	0.17177689974636862	0.03718008838720158
241	XGBoost_2_AutoML_20190415_220145	floor	8.61293109759726e+19	0.15563116793647658	0.03368544075615113
242	XGBoost_2_AutoML_20190415_220145	heat_fuel_cogeneration	8.03702977681005e+19	0.14522493176035337	0.03143307282205972
243	XGBoost_2_AutoML_20190415_220145	room_count	7.959994473730854e+19	0.1438329440555057	0.031131785361542326
244	XGBoost_2_AutoML_20190415_220145	bathroom_count	7.83905874998712e+19	0.14164769867060636	0.03065880199370739
245	XGBoost_2_AutoML_20190415_220145	heat_type_district	7.534598702600133e+19	0.1361462645794814	0.029468049301893753
246	XGBoost_2_AutoML_20190415_220145	heat_type_individual	4.332889891846645e+19	0.07829305805039645	0.01694606680360455
247	XGBoost_2_AutoML_20190415_220145	heat_fuel_gas	3.917986540277465e+19	0.07079597111753062	0.015323366922409508
248	XGBoost_2_AutoML_20190415_220145	front_door_structure_stairway	2.3487107685574246e+19	0.042439977275279	0.00918588068928667
249	XGBoost_2_AutoML_20190415_220145	front_door_structure_corridor	8.014029093068603e+18	0.014480932141429854	0.0031343116434304616
250	XGBoost_2_AutoML_20190415_220145	heat_type_central	4.712451861066547e+18	0.008515154465670884	0.0018430545441894353
251	XGBoost_2_AutoML_20190415_220145	front_door_structure_mixed	9.812910380458967e+17	0.0017731416704272062	0.0003837859696318536
252	XGBoost_3_AutoML_20190415_201144	supply_area	8.228609914286763e+20	1.0	0.26587090369147565
253	XGBoost_3_AutoML_20190415_201144	city	5.806089897726968e+20	0.7055979027084828	0.18759795203591423
254	XGBoost_3_AutoML_20190415_201144	exclusive_use_area	5.580254431506428e+20	0.6781527487185679	0.18030108414266388
255	XGBoost_3_AutoML_20190415_201144	apartment_building_count_in_sites	1.9522998831534834e+20	0.23725755668206375	0.0630798810026918
256	XGBoost_3_AutoML_20190415_201144	total_parking_capacity_in_site	1.6644762383431185e+20	0.20227915233327615	0.0537801410287938
257	XGBoost_3_AutoML_20190415_201144	total_household_count_in_sites	1.1715740596650902e+20	0.14237812605880948	0.037854201041154514
258	XGBoost_3_AutoML_20190415_201144	room_count	1.1438056736032817e+20	0.139003511591596	0.03695698924314614
259	XGBoost_3_AutoML_20190415_201144	heat_fuel_cogeneration	9.681276408576973e+19	0.11765385052180012	0.031280735561012796
260	XGBoost_3_AutoML_20190415_201144	heat_type_individual	8.521665475226737e+19	0.10356142245157547	0.027533968974775048
261	XGBoost_3_AutoML_20190415_201144	heat_type_district	8.045952533571777e+19	0.09778021582481568	0.025996914344491275
262	XGBoost_3_AutoML_20190415_201144	floor	6.620285734774165e+19	0.08045448506776125	0.021390506650998016
263	XGBoost_3_AutoML_20190415_201144	bathroom_count	6.000177449480592e+19	0.07291848212494435	0.01938690273836967
264	XGBoost_3_AutoML_20190415_201144	heat_fuel_gas	5.5643358780813476e+19	0.06762182113433739	0.01797867469424961
265	XGBoost_3_AutoML_20190415_201144	total_household_count_of_area_type	4.239088355857819e+19	0.051516457822332606	0.01369672719620736
266	XGBoost_3_AutoML_20190415_201144	front_door_structure_stairway	2.218569273758974e+19	0.026961653266696074	0.007168319119032712
267	XGBoost_3_AutoML_20190415_201144	heat_type_central	1.2638315514750304e+19	0.015358992158331964	0.004083509124926008
268	XGBoost_3_AutoML_20190415_201144	front_door_structure_mixed	9.589548991322784e+18	0.011653911281750175	0.0030984359240192024
269	XGBoost_3_AutoML_20190415_201144	front_door_structure_corridor	9.112050332833153e+18	0.011073620487237503	0.002944153486078274
270	XGBoost_grid_1_AutoML_20190415_201144_model_1	supply_area	5.470221640985582e+20	1.0	0.23808109900991886
271	XGBoost_grid_1_AutoML_20190415_201144_model_1	city	5.404607009164561e+20	0.9880051237175832	0.23522534568211306
272	XGBoost_grid_1_AutoML_20190415_201144_model_1	exclusive_use_area	5.3502760054724284e+20	0.9780729843532368	0.2328606910267298
273	XGBoost_grid_1_AutoML_20190415_201144_model_1	apartment_building_count_in_sites	1.5053477027750976e+20	0.2751895264163146	0.06551742488521528
274	XGBoost_grid_1_AutoML_20190415_201144_model_1	total_parking_capacity_in_site	1.3707902614162427e+20	0.25059135650841097	0.05966106555990886
275	XGBoost_grid_1_AutoML_20190415_201144_model_1	total_household_count_in_sites	1.0387062598148712e+20	0.18988376120491623	0.04520773455180345
276	XGBoost_grid_1_AutoML_20190415_201144_model_1	total_household_count_of_area_type	7.521172346211035e+19	0.13749300923857866	0.03273448674570173
277	XGBoost_grid_1_AutoML_20190415_201144_model_1	heat_fuel_cogeneration	5.811204825819382e+19	0.10623344367400009	0.025292175021514256
278	XGBoost_grid_1_AutoML_20190415_201144_model_1	floor	4.7553460086893445e+19	0.08693150517083185	0.020696748289658094
279	XGBoost_grid_1_AutoML_20190415_201144_model_1	bathroom_count	3.263882894769337e+19	0.059666373850644855	0.014205435860298212
280	XGBoost_grid_1_AutoML_20190415_201144_model_1	heat_type_individual	2.5247878800434266e+19	0.046155129458127955	0.010988663946336184
281	XGBoost_grid_1_AutoML_20190415_201144_model_1	heat_fuel_gas	1.4915346921269756e+19	0.027266439826709517	0.006491623960030823
282	XGBoost_grid_1_AutoML_20190415_201144_model_1	room_count	7.020785813872968e+18	0.012834554565887786	0.003055664856349336
283	XGBoost_grid_1_AutoML_20190415_201144_model_1	front_door_structure_corridor	6.007639724947145e+18	0.010982442978059542	0.002614712094030182
284	XGBoost_grid_1_AutoML_20190415_201144_model_1	heat_type_district	5.875692282300072e+18	0.010741232564100337	0.002557284453582137
285	XGBoost_grid_1_AutoML_20190415_201144_model_1	front_door_structure_stairway	5.719642445260521e+18	0.010455961057237895	0.002489366699712111
286	XGBoost_grid_1_AutoML_20190415_201144_model_1	heat_type_central	4.731913766633996e+18	0.008650314515924143	0.0020594763867326743
287	XGBoost_grid_1_AutoML_20190415_201144_model_1	front_door_structure_mixed	5.996835373936804e+17	0.0010962691765550364	0.0002610009703649218
288	XGBoost_2_AutoML_20190415_220045	supply_area	5.98480891575219e+20	1.0	0.24287659648878407
289	XGBoost_2_AutoML_20190415_220045	exclusive_use_area	5.023123621384888e+20	0.8393122808255217	0.20384931015814126
290	XGBoost_2_AutoML_20190415_220045	city	4.092170468662297e+20	0.6837595863573165	0.16606920115104387
291	XGBoost_2_AutoML_20190415_220045	total_parking_capacity_in_site	1.5213270372029615e+20	0.25419809698498225	0.06173876862963833
292	XGBoost_2_AutoML_20190415_220045	apartment_building_count_in_sites	1.4939738267318013e+20	0.2496276569164337	0.060628715701333304
293	XGBoost_2_AutoML_20190415_220045	total_household_count_in_sites	9.869326322080154e+19	0.16490628959103107	0.04005187835546343
294	XGBoost_2_AutoML_20190415_220045	heat_fuel_cogeneration	8.844519912341766e+19	0.1477828287727405	0.03589299047180797
295	XGBoost_2_AutoML_20190415_220045	room_count	7.622990641380301e+19	0.12737233132567308	0.03093575831922121
296	XGBoost_2_AutoML_20190415_220045	total_household_count_of_area_type	7.329861281219871e+19	0.12247444127961152	0.029746175454857488
297	XGBoost_2_AutoML_20190415_220045	floor	6.553634219507686e+19	0.1095044856362637	0.02659607677159067
298	XGBoost_2_AutoML_20190415_220045	bathroom_count	5.683017163183489e+19	0.09495737028839173	0.023062922907169773
299	XGBoost_2_AutoML_20190415_220045	heat_type_individual	5.401788477077455e+19	0.09025832826274188	0.021921635573222176
300	XGBoost_2_AutoML_20190415_220045	heat_type_district	5.069922442661174e+19	0.08471318824093099	0.020574850837671004
301	XGBoost_2_AutoML_20190415_220045	heat_fuel_gas	4.9246624430784774e+19	0.08228604308679971	0.019985354083451354
302	XGBoost_2_AutoML_20190415_220045	front_door_structure_stairway	1.7680793487475212e+19	0.029542786973430102	0.00717525155089989
303	XGBoost_2_AutoML_20190415_220045	front_door_structure_corridor	1.4539820819430769e+19	0.024294544778466595	0.005900576349038327
304	XGBoost_2_AutoML_20190415_220045	heat_type_central	6.355229435347599e+18	0.010618934580551857	0.002579090689261489
305	XGBoost_2_AutoML_20190415_220045	front_door_structure_mixed	1.0222380880148562e+18	0.001708054680449857	0.00041484650740439895
306	XGBoost_2_AutoML_20190416_013912	exclusive_use_area	5.5682178578148386e+20	1.0	0.22455529589402848
307	XGBoost_2_AutoML_20190416_013912	supply_area	5.247550657190712e+20	0.9424111611987165	0.21162341715681274
308	XGBoost_2_AutoML_20190416_013912	city	4.521827595018557e+20	0.8120780670735248	0.18235643064074605
309	XGBoost_2_AutoML_20190416_013912	apartment_building_count_in_sites	1.374883435343197e+20	0.24691624330279865	0.055446350075901873
310	XGBoost_2_AutoML_20190416_013912	total_parking_capacity_in_site	1.3470439768497691e+20	0.2419165361784885	0.05432363936321893
311	XGBoost_2_AutoML_20190416_013912	heat_fuel_cogeneration	1.1810917841588401e+20	0.2121130699836413	0.04763111319316734
312	XGBoost_2_AutoML_20190416_013912	total_household_count_in_sites	1.1225453408467445e+20	0.20159867474856133	0.04527005006000719
313	XGBoost_2_AutoML_20190416_013912	bathroom_count	8.851554147931626e+19	0.15896565784524247	0.03569658033442731
314	XGBoost_2_AutoML_20190416_013912	total_household_count_of_area_type	7.284619896174097e+19	0.13082497995207454	0.02937744208346844
315	XGBoost_2_AutoML_20190416_013912	floor	7.228154696431986e+19	0.12981091762218808	0.0291497290169258
316	XGBoost_2_AutoML_20190416_013912	room_count	5.163253827477963e+19	0.09272722367052287	0.020822389148766024
317	XGBoost_2_AutoML_20190416_013912	heat_type_district	4.654052840273504e+19	0.08358244880346537	0.018768881522609655
318	XGBoost_2_AutoML_20190416_013912	heat_type_individual	3.879285050393703e+19	0.06966834181872454	0.015644395111550007
319	XGBoost_2_AutoML_20190416_013912	heat_fuel_gas	3.064149570709409e+19	0.05502926877059885	0.012357113731613844
320	XGBoost_2_AutoML_20190416_013912	front_door_structure_stairway	2.4596330200046764e+19	0.04417271527105661	0.009919217148134787
321	XGBoost_2_AutoML_20190416_013912	front_door_structure_corridor	1.0474290813822042e+19	0.0188108495056846	0.004224075876767044
322	XGBoost_2_AutoML_20190416_013912	heat_type_central	4.5955286950572196e+18	0.008253140973296371	0.0018532865133136969
323	XGBoost_2_AutoML_20190416_013912	front_door_structure_mixed	2.4315419272801157e+18	0.004366822544249978	0.0009805931285407682
324	GBM_grid_1_AutoML_20190415_201144_model_7	supply_area	1.585503683736712e+20	1.0	0.2675268264545504
325	GBM_grid_1_AutoML_20190415_201144_model_7	city	1.1412473299477725e+20	0.7198011216587545	0.19256610975579233
326	GBM_grid_1_AutoML_20190415_201144_model_7	exclusive_use_area	1.1230285102364544e+20	0.7083102497685171	0.18949199326580132
327	GBM_grid_1_AutoML_20190415_201144_model_7	total_parking_capacity_in_site	3.740754501777647e+19	0.23593477203165145	0.06311888081190552
328	GBM_grid_1_AutoML_20190415_201144_model_7	apartment_building_count_in_sites	3.709677905130186e+19	0.23397472633978528	0.06259451600825465
329	GBM_grid_1_AutoML_20190415_201144_model_7	heat_type_district	3.5205915919666643e+19	0.22204878033896086	0.05940400552218576
330	GBM_grid_1_AutoML_20190415_201144_model_7	floor	2.523932899801668e+19	0.15918808172386378	0.042587082312972896
331	GBM_grid_1_AutoML_20190415_201144_model_7	total_household_count_of_area_type	2.449233839029171e+19	0.15447670441590028	0.041326662493543435
332	GBM_grid_1_AutoML_20190415_201144_model_7	total_household_count_in_sites	2.150654639534506e+19	0.13564488443608325	0.03628864545797959
333	GBM_grid_1_AutoML_20190415_201144_model_7	heat_type_individual	7.418865098220896e+18	0.046791850276475734	0.01251807520840203
334	GBM_grid_1_AutoML_20190415_201144_model_7	bathroom_count	5.646350649420415e+18	0.03561234645707733	0.009527258030261849
335	GBM_grid_1_AutoML_20190415_201144_model_7	heat_fuel_cogeneration	5.161666682443268e+18	0.032555374896879846	0.008709436130200402
336	GBM_grid_1_AutoML_20190415_201144_model_7	room_count	3.1569650646704456e+18	0.01991143317453616	0.005326842527345513
337	GBM_grid_1_AutoML_20190415_201144_model_7	front_door_structure_corridor	1.8788060245639823e+18	0.01184990009065142	0.0031701661650554635
338	GBM_grid_1_AutoML_20190415_201144_model_7	front_door_structure_stairway	1.3687311730055578e+18	0.008632784565846829	0.0023095014583668257
339	GBM_grid_1_AutoML_20190415_201144_model_7	heat_type_central	1.1154354423642194e+18	0.007035211925432827	0.0018821079198462513
340	GBM_grid_1_AutoML_20190415_201144_model_7	front_door_structure_mixed	9.789965634371584e+17	0.0061746722727875425	0.001651890477535757
341	GBM_grid_1_AutoML_20190415_201144_model_7	heat_fuel_gas	0.0	0.0	0.0
342	GBM_grid_1_AutoML_20190415_201144_model_8	supply_area	1.455456351114064e+20	1.0	0.36210130677743163
343	GBM_grid_1_AutoML_20190415_201144_model_8	city	8.991287122463818e+19	0.6177641202074888	0.22369319520734207
344	GBM_grid_1_AutoML_20190415_201144_model_8	exclusive_use_area	3.83817870867767e+19	0.263709640329631	0.09548960537316588
345	GBM_grid_1_AutoML_20190415_201144_model_8	heat_type_district	3.187539624308664e+19	0.21900619842489916	0.07930243064201346
346	GBM_grid_1_AutoML_20190415_201144_model_8	apartment_building_count_in_sites	2.539312208744022e+19	0.17446845498323132	0.06317525554086756
347	GBM_grid_1_AutoML_20190415_201144_model_8	total_parking_capacity_in_site	1.868494007372769e+19	0.128378567034494	0.04648604688540438
348	GBM_grid_1_AutoML_20190415_201144_model_8	total_household_count_in_sites	1.7819557352458682e+19	0.12243278432100617	0.044333071195035774
349	GBM_grid_1_AutoML_20190415_201144_model_8	total_household_count_of_area_type	9.911013205935653e+18	0.06809557152538014	0.02465749543509621
350	GBM_grid_1_AutoML_20190415_201144_model_8	floor	9.064099531234214e+18	0.06227668404000019	0.022550468672649288
351	GBM_grid_1_AutoML_20190415_201144_model_8	heat_fuel_gas	4.3264534607288074e+18	0.02972575204620302	0.010763733660872027
352	GBM_grid_1_AutoML_20190415_201144_model_8	room_count	2.9090348133337006e+18	0.019987097593871572	0.007237354157428955
353	GBM_grid_1_AutoML_20190415_201144_model_8	heat_type_individual	2.602062161974919e+18	0.01787798143161901	0.0064736404389319005
354	GBM_grid_1_AutoML_20190415_201144_model_8	front_door_structure_stairway	2.461305432166105e+18	0.016910884550279535	0.006123453394418499
355	GBM_grid_1_AutoML_20190415_201144_model_8	front_door_structure_corridor	1.0521892657918116e+18	0.007229273931756347	0.002617729537740994
356	GBM_grid_1_AutoML_20190415_201144_model_8	bathroom_count	8.481801746576835e+17	0.005827589223190738	0.0021101776730794437
357	GBM_grid_1_AutoML_20190415_201144_model_8	heat_fuel_cogeneration	7.568047797950218e+17	0.005199776545794269	0.0018828458821827441
358	GBM_grid_1_AutoML_20190415_201144_model_8	heat_type_central	4.028273535137874e+17	0.002767704804101115	0.0010021895263391891
359	GBM_grid_1_AutoML_20190415_201144_model_8	front_door_structure_mixed	0.0	0.0	0.0
360	GBM_grid_1_AutoML_20190415_201144_model_6	supply_area	3.5403967606662585e+21	1.0	0.3140533688240488
361	GBM_grid_1_AutoML_20190415_201144_model_6	city	2.399417957846268e+21	0.6777257239933547	0.2128420467588305
362	GBM_grid_1_AutoML_20190415_201144_model_6	exclusive_use_area	2.2935566264802738e+21	0.6478247443793997	0.20345154337992874
363	GBM_grid_1_AutoML_20190415_201144_model_6	apartment_building_count_in_sites	6.528137952234444e+20	0.1843900103164124	0.05790830391737041
364	GBM_grid_1_AutoML_20190415_201144_model_6	total_parking_capacity_in_site	3.309612682880169e+20	0.09348140636806314	0.02935815059230011
365	GBM_grid_1_AutoML_20190415_201144_model_6	floor	3.219304251352322e+20	0.09093060662349292	0.028557063339322314
366	GBM_grid_1_AutoML_20190415_201144_model_6	heat_fuel_gas	2.451592511373076e+20	0.06924626467322033	0.02174702269910656
367	GBM_grid_1_AutoML_20190415_201144_model_6	total_household_count_in_sites	2.3337816876364123e+20	0.0659186482589941	0.020701973554064616
368	GBM_grid_1_AutoML_20190415_201144_model_6	bathroom_count	2.212762049165247e+20	0.06250039751897278	0.01962846039367562
369	GBM_grid_1_AutoML_20190415_201144_model_6	room_count	2.069606866681835e+20	0.05845691900058006	0.018358592343206713
370	GBM_grid_1_AutoML_20190415_201144_model_6	heat_type_district	2.068884355600991e+20	0.058436511370314685	0.018352183258172155
371	GBM_grid_1_AutoML_20190415_201144_model_6	heat_type_individual	1.934359019981667e+20	0.054636786517046884	0.01715886686739894
372	GBM_grid_1_AutoML_20190415_201144_model_6	heat_fuel_cogeneration	1.6908193054916084e+20	0.04775790454551815	0.014998530810497325
373	GBM_grid_1_AutoML_20190415_201144_model_6	front_door_structure_mixed	8.559009288152521e+19	0.02417528279102205	0.007592329002794527
374	GBM_grid_1_AutoML_20190415_201144_model_6	total_household_count_of_area_type	6.429831849048015e+19	0.018161331296207606	0.0057036272759036265
375	GBM_grid_1_AutoML_20190415_201144_model_6	front_door_structure_stairway	5.290548686672101e+19	0.014943377944105015	0.004693018184957168
376	GBM_grid_1_AutoML_20190415_201144_model_6	heat_type_central	3.1729306332127298e+19	0.008962076421670953	0.002814570291884339
377	GBM_grid_1_AutoML_20190415_201144_model_6	front_door_structure_corridor	2.3452253166973747e+19	0.006624187838924676	0.0020803485065375897
378	GBM_grid_1_AutoML_20190415_201144_model_11	supply_area	1.1085969363367782e+20	1.0	0.3395319329546674
379	GBM_grid_1_AutoML_20190415_201144_model_11	city	3.3241295349016953e+19	0.29985014624755063	0.10180869975217058
380	GBM_grid_1_AutoML_20190415_201144_model_11	exclusive_use_area	3.0384966450194416e+19	0.2740848856266714	0.09306057101048266
381	GBM_grid_1_AutoML_20190415_201144_model_11	bathroom_count	2.47104353177541e+19	0.22289828257515024	0.07568108473501642
382	GBM_grid_1_AutoML_20190415_201144_model_11	heat_type_district	2.3023597563768996e+19	0.20768231274251608	0.07051477708596224
383	GBM_grid_1_AutoML_20190415_201144_model_11	total_household_count_in_sites	1.8661672208660693e+19	0.16833595328457146	0.057155431604477135
384	GBM_grid_1_AutoML_20190415_201144_model_11	apartment_building_count_in_sites	1.7960032057534972e+19	0.16200687074674483	0.055006505976579224
385	GBM_grid_1_AutoML_20190415_201144_model_11	total_household_count_of_area_type	1.4178857749101674e+19	0.12789912441896115	0.04342583693717938
386	GBM_grid_1_AutoML_20190415_201144_model_11	floor	1.2990755170940879e+19	0.11718195085282507	0.03978701428045853
387	GBM_grid_1_AutoML_20190415_201144_model_11	total_parking_capacity_in_site	1.2620673850682638e+19	0.11384366524037219	0.03865355971370765
388	GBM_grid_1_AutoML_20190415_201144_model_11	heat_fuel_cogeneration	1.17441387829731e+19	0.10593695867300659	0.035968980349584644
389	GBM_grid_1_AutoML_20190415_201144_model_11	heat_fuel_gas	6.022925685352301e+18	0.05432926510923181	0.018446520398544046
390	GBM_grid_1_AutoML_20190415_201144_model_11	heat_type_central	3.4529049414782157e+18	0.03114662171887209	0.010575272677216465
391	GBM_grid_1_AutoML_20190415_201144_model_11	room_count	2.162002699044782e+18	0.019502152930251218	0.006621603681185726
392	GBM_grid_1_AutoML_20190415_201144_model_11	front_door_structure_stairway	1.9021430214245745e+18	0.017158111835578145	0.0058257268773862034
393	GBM_grid_1_AutoML_20190415_201144_model_11	front_door_structure_corridor	1.322338929138991e+18	0.011928040623208801	0.004049950689159879
394	GBM_grid_1_AutoML_20190415_201144_model_11	front_door_structure_mixed	1.0144776662265364e+18	0.009151005500509074	0.003107058586066639
395	GBM_grid_1_AutoML_20190415_201144_model_11	heat_type_individual	2.5450361288392704e+17	0.00229572718940486	0.0007794726901552179
396	GBM_grid_1_AutoML_20190415_201144_model_2	supply_area	9.588705164526977e+21	1.0	0.3146488687018792
397	GBM_grid_1_AutoML_20190415_201144_model_2	city	7.076807272712341e+21	0.7380357567873398	0.2322221159346717
398	GBM_grid_1_AutoML_20190415_201144_model_2	exclusive_use_area	5.415084844803871e+21	0.5647357752574097	0.17769347280022266
399	GBM_grid_1_AutoML_20190415_201144_model_2	apartment_building_count_in_sites	1.4573578025426747e+21	0.1519869239419427	0.04782251367581082
400	GBM_grid_1_AutoML_20190415_201144_model_2	total_parking_capacity_in_site	1.0864032677418406e+21	0.11330031001067224	0.03564981436843022
401	GBM_grid_1_AutoML_20190415_201144_model_2	heat_type_district	9.451652465091768e+20	0.09857068606153176	0.031015154856429056
402	GBM_grid_1_AutoML_20190415_201144_model_2	heat_fuel_gas	8.360688528671029e+20	0.08719309213512012	0.02743520779893427
403	GBM_grid_1_AutoML_20190415_201144_model_2	bathroom_count	7.952002343610876e+20	0.08293092974668763	0.026094123225190283
404	GBM_grid_1_AutoML_20190415_201144_model_2	heat_fuel_cogeneration	7.223763246990649e+20	0.07533617024449417	0.023704440739762266
405	GBM_grid_1_AutoML_20190415_201144_model_2	heat_type_individual	6.303411849265865e+20	0.06573788369867789	0.020684350736644704
406	GBM_grid_1_AutoML_20190415_201144_model_2	total_household_count_in_sites	5.765401282468559e+20	0.06012700550849582	0.018918894261679867
407	GBM_grid_1_AutoML_20190415_201144_model_2	floor	5.04768512785266e+20	0.052641989103245815	0.016563742317552945
408	GBM_grid_1_AutoML_20190415_201144_model_2	room_count	2.7151130789286615e+20	0.02831574266120009	0.008909516394800147
409	GBM_grid_1_AutoML_20190415_201144_model_2	front_door_structure_stairway	2.3006038802878064e+20	0.023992852432242848	0.0075493238747363425
410	GBM_grid_1_AutoML_20190415_201144_model_2	total_household_count_of_area_type	1.7242157837127464e+20	0.01798173741008757	0.005657933333378313
411	GBM_grid_1_AutoML_20190415_201144_model_2	front_door_structure_corridor	1.0920975768894413e+20	0.011389416591195354	0.0035836670455940316
412	GBM_grid_1_AutoML_20190415_201144_model_2	heat_type_central	3.312348927517052e+19	0.0034544277571188146	0.001086931785789805
413	GBM_grid_1_AutoML_20190415_201144_model_2	front_door_structure_mixed	2.315828114110179e+19	0.0024151625004359195	0.0007599281484933639
414	GBM_grid_1_AutoML_20190415_201144_model_5	supply_area	1.0497728883289018e+20	1.0	0.30937812530658443
415	GBM_grid_1_AutoML_20190415_201144_model_5	exclusive_use_area	6.791339397535184e+19	0.6469341581440619	0.2001472770434033
416	GBM_grid_1_AutoML_20190415_201144_model_5	city	6.176945054268837e+19	0.5884077520902362	0.1820404872575388
417	GBM_grid_1_AutoML_20190415_201144_model_5	heat_fuel_cogeneration	2.064030055744825e+19	0.19661681861783314	0.06082894274772997
418	GBM_grid_1_AutoML_20190415_201144_model_5	total_household_count_in_sites	1.725108565164268e+19	0.16433159822887122	0.050840601788683014
419	GBM_grid_1_AutoML_20190415_201144_model_5	total_parking_capacity_in_site	1.603801316441509e+19	0.1527760274886263	0.04726556097621841
420	GBM_grid_1_AutoML_20190415_201144_model_5	apartment_building_count_in_sites	1.13589336802748e+19	0.1082037248871678	0.033475865556781385
421	GBM_grid_1_AutoML_20190415_201144_model_5	bathroom_count	9.885331912845689e+18	0.09416638610834975	0.02913302000109724
422	GBM_grid_1_AutoML_20190415_201144_model_5	total_household_count_of_area_type	7.922041751265608e+18	0.07546433937607629	0.023347015843670344
423	GBM_grid_1_AutoML_20190415_201144_model_5	floor	5.707522528587547e+18	0.05436911728281686	0.0168206155795317
424	GBM_grid_1_AutoML_20190415_201144_model_5	heat_type_district	4.826298043785544e+18	0.04597468745328683	0.014223562615854028
425	GBM_grid_1_AutoML_20190415_201144_model_5	front_door_structure_stairway	4.461017741049987e+18	0.04249507479804829	0.01314704657578326
426	GBM_grid_1_AutoML_20190415_201144_model_5	room_count	3.6515058785126973e+18	0.03478377008121639	0.01076133757882199
427	GBM_grid_1_AutoML_20190415_201144_model_5	heat_type_central	1.268228113645437e+18	0.01208097606392071	0.0037375897265295084
428	GBM_grid_1_AutoML_20190415_201144_model_5	heat_fuel_gas	6.050712130892595e+17	0.005763829679888686	0.0017832028209504125
429	GBM_grid_1_AutoML_20190415_201144_model_5	front_door_structure_mixed	4.762163186939986e+17	0.0045363747148401915	0.00140345510496545
430	GBM_grid_1_AutoML_20190415_201144_model_5	heat_type_individual	4.67987573671723e+17	0.0044579887599945234	0.0013792042052049307
431	GBM_grid_1_AutoML_20190415_201144_model_5	front_door_structure_corridor	9.741429926946406e+16	0.0009279559450666955	0.0002870892706518341
432	GBM_5_AutoML_20190415_201144	exclusive_use_area	3.797923564883395e+20	1.0	0.25675550180363144
433	GBM_5_AutoML_20190415_201144	city	3.511423907994733e+20	0.9245641330073849	0.23738692791995059
434	GBM_5_AutoML_20190415_201144	supply_area	2.7826097228127142e+20	0.7326660674641952	0.1881160438062627
435	GBM_5_AutoML_20190415_201144	total_parking_capacity_in_site	8.404632577956957e+19	0.2212954640706414	0.05681882792432503
436	GBM_5_AutoML_20190415_201144	apartment_building_count_in_sites	6.494588246072859e+19	0.1710036585813242	0.043906130169304766
437	GBM_5_AutoML_20190415_201144	heat_fuel_gas	5.792839463198314e+19	0.15252648886250472	0.0391620151862384
438	GBM_5_AutoML_20190415_201144	room_count	5.460922851247155e+19	0.1437870656940095	0.03691812020513713
439	GBM_5_AutoML_20190415_201144	heat_fuel_cogeneration	4.722288092088631e+19	0.1243386816878611	0.031924640610368774
440	GBM_5_AutoML_20190415_201144	total_household_count_in_sites	3.388030291977804e+19	0.089207437540461	0.022904500390317172
441	GBM_5_AutoML_20190415_201144	floor	2.9006933133939966e+19	0.0763757685966767	0.019609898791677766
442	GBM_5_AutoML_20190415_201144	heat_type_individual	2.896322314868936e+19	0.07626067943149507	0.019580349015319392
443	GBM_5_AutoML_20190415_201144	bathroom_count	2.5286135208011104e+19	0.06657884176978544	0.01709448392810584
444	GBM_5_AutoML_20190415_201144	total_household_count_of_area_type	1.5623728178185372e+19	0.04113755295827038	0.010562293052774176
445	GBM_5_AutoML_20190415_201144	front_door_structure_stairway	1.1496085661211951e+19	0.030269397118751405	0.007771834246518413
446	GBM_5_AutoML_20190415_201144	heat_type_district	9.268797260244713e+18	0.024404907318163173	0.006266094224946102
447	GBM_5_AutoML_20190415_201144	front_door_structure_corridor	7.265691033843794e+18	0.019130693153027862	0.004911910720356965
448	GBM_5_AutoML_20190415_201144	heat_type_central	4.591846430615798e+17	0.0012090412964266114	0.00031042800476532774
449	GBM_5_AutoML_20190415_201144	front_door_structure_mixed	0.0	0.0	0.0
450	GBM_grid_1_AutoML_20190415_201144_model_1	supply_area	5.198025135038472e+20	1.0	0.271553044849313
451	GBM_grid_1_AutoML_20190415_201144_model_1	city	4.4545269280870393e+20	0.8569652536037747	0.23271152394616867
452	GBM_grid_1_AutoML_20190415_201144_model_1	exclusive_use_area	3.567671756278265e+20	0.6863513860734458	0.18638080872479051
453	GBM_grid_1_AutoML_20190415_201144_model_1	heat_fuel_cogeneration	9.791088593084822e+19	0.18836170158327556	0.05115019359793613
454	GBM_grid_1_AutoML_20190415_201144_model_1	apartment_building_count_in_sites	8.620206346135929e+19	0.16583618051458554	0.04503331976491601
455	GBM_grid_1_AutoML_20190415_201144_model_1	total_parking_capacity_in_site	8.237488338739659e+19	0.15847342259299582	0.04303394043281992
456	GBM_grid_1_AutoML_20190415_201144_model_1	room_count	6.722480942529433e+19	0.12932759592128595	0.03511930245546678
457	GBM_grid_1_AutoML_20190415_201144_model_1	heat_type_individual	6.031503415365232e+19	0.11603451808473396	0.03150952669353217
458	GBM_grid_1_AutoML_20190415_201144_model_1	total_household_count_in_sites	5.2104365102537376e+19	0.10023877097345306	0.027220143469794105
459	GBM_grid_1_AutoML_20190415_201144_model_1	heat_fuel_gas	3.0199098407565394e+19	0.05809725352038315	0.01577648609084251
460	GBM_grid_1_AutoML_20190415_201144_model_1	heat_type_district	2.8497544789954134e+19	0.054823791824052455	0.014887567600006313
461	GBM_grid_1_AutoML_20190415_201144_model_1	floor	2.719133817029578e+19	0.05231090166726277	0.014205184626558207
462	GBM_grid_1_AutoML_20190415_201144_model_1	total_household_count_of_area_type	1.923721157022004e+19	0.037008692860192684	0.010049823232078352
463	GBM_grid_1_AutoML_20190415_201144_model_1	bathroom_count	1.7756276060233662e+19	0.034159657944982685	0.009276159125971073
464	GBM_grid_1_AutoML_20190415_201144_model_1	front_door_structure_stairway	1.5981585128165999e+19	0.030745494130912307	0.008349032546645917
465	GBM_grid_1_AutoML_20190415_201144_model_1	front_door_structure_corridor	6.18763747499547e+18	0.011903823691205899	0.0032325195686963497
466	GBM_grid_1_AutoML_20190415_201144_model_1	heat_type_central	9.789582866886164e+17	0.0018833273430898308	0.0005114232744640102
467	GBM_grid_1_AutoML_20190415_201144_model_1	front_door_structure_mixed	0.0	0.0	0.0
468	DeepLearning_grid_1_AutoML_20190415_201144_model_1	city	1.0	1.0	0.11286746219128711
469	DeepLearning_grid_1_AutoML_20190415_201144_model_1	apartment_building_count_in_sites	0.7482004165649414	0.7482004165649414	0.08444748222814878
470	DeepLearning_grid_1_AutoML_20190415_201144_model_1	supply_area	0.7173468470573425	0.7173468470573425	0.08096511813828362
471	DeepLearning_grid_1_AutoML_20190415_201144_model_1	exclusive_use_area	0.6788999438285828	0.6788999438285828	0.0766257137417395
472	DeepLearning_grid_1_AutoML_20190415_201144_model_1	total_parking_capacity_in_site	0.6039149761199951	0.6039149761199951	0.0681623507339756
473	DeepLearning_grid_1_AutoML_20190415_201144_model_1	heat_fuel_cogeneration	0.46930772066116333	0.46930772066116333	0.05296957141780299
474	DeepLearning_grid_1_AutoML_20190415_201144_model_1	heat_fuel_gas	0.46525612473487854	0.46525612473487854	0.05251227806777866
475	DeepLearning_grid_1_AutoML_20190415_201144_model_1	heat_type_district	0.46225252747535706	0.46225252747535706	0.05217326966765177
476	DeepLearning_grid_1_AutoML_20190415_201144_model_1	total_household_count_in_sites	0.44478839635849	0.44478839635849	0.05020213750911509
477	DeepLearning_grid_1_AutoML_20190415_201144_model_1	room_count	0.43604734539985657	0.43604734539985657	0.04921555727052942
478	DeepLearning_grid_1_AutoML_20190415_201144_model_1	heat_type_individual	0.4314116835594177	0.4314116835594177	0.0486923418830221
479	DeepLearning_grid_1_AutoML_20190415_201144_model_1	bathroom_count	0.4307574927806854	0.4307574927806854	0.04861850503003764
480	DeepLearning_grid_1_AutoML_20190415_201144_model_1	heat_type_central	0.4024873971939087	0.4024873971939087	0.04542773108525305
481	DeepLearning_grid_1_AutoML_20190415_201144_model_1	front_door_structure_mixed	0.37747013568878174	0.37747013568878174	0.042604096268193586
482	DeepLearning_grid_1_AutoML_20190415_201144_model_1	front_door_structure_stairway	0.353715181350708	0.353715181350708	0.0399229348575853
483	DeepLearning_grid_1_AutoML_20190415_201144_model_1	front_door_structure_corridor	0.329344779253006	0.329344779253006	0.03717230942023645
484	DeepLearning_grid_1_AutoML_20190415_201144_model_1	floor	0.29116830229759216	0.29116830229759216	0.03286342735087474
485	DeepLearning_grid_1_AutoML_20190415_201144_model_1	total_household_count_of_area_type	0.21758009493350983	0.21758009493350983	0.02455771313848458
486	GBM_grid_1_AutoML_20190415_201144_model_9	supply_area	3.6547459699549625e+21	1.0	0.2828049133173035
487	GBM_grid_1_AutoML_20190415_201144_model_9	city	3.211462851082372e+21	0.8787102790408021	0.24850358429515762
488	GBM_grid_1_AutoML_20190415_201144_model_9	exclusive_use_area	2.362240461447348e+21	0.6463487423932935	0.1827906000652835
489	GBM_grid_1_AutoML_20190415_201144_model_9	apartment_building_count_in_sites	8.347970081848358e+20	0.22841450953022682	0.06459674556811018
490	GBM_grid_1_AutoML_20190415_201144_model_9	room_count	5.680451430809841e+20	0.15542671029690858	0.04395543733271087
491	GBM_grid_1_AutoML_20190415_201144_model_9	bathroom_count	5.143264178319414e+20	0.14072836308190237	0.039798672522663406
492	GBM_grid_1_AutoML_20190415_201144_model_9	heat_fuel_gas	3.691809609725803e+20	0.10101412355538619	0.028567290455904375
493	GBM_grid_1_AutoML_20190415_201144_model_9	heat_fuel_cogeneration	2.7915667843372286e+20	0.07638196491045393	0.02160119496550624
494	GBM_grid_1_AutoML_20190415_201144_model_9	total_parking_capacity_in_site	2.423685674807098e+20	0.06631611867779048	0.01875452419421255
495	GBM_grid_1_AutoML_20190415_201144_model_9	heat_type_individual	2.316068995117592e+20	0.06337154522250238	0.017921784353433362
496	GBM_grid_1_AutoML_20190415_201144_model_9	floor	1.8143646541131704e+20	0.04964407017693569	0.014039586963106428
497	GBM_grid_1_AutoML_20190415_201144_model_9	heat_type_district	1.6614422899378985e+20	0.04545985695302299	0.012856270905016683
498	GBM_grid_1_AutoML_20190415_201144_model_9	total_household_count_in_sites	1.529221882534114e+20	0.0418420841039455	0.011833146968031628
499	GBM_grid_1_AutoML_20190415_201144_model_9	front_door_structure_stairway	5.041917001892417e+19	0.01379553337862918	0.0039014446213091925
500	GBM_grid_1_AutoML_20190415_201144_model_9	front_door_structure_mixed	4.470431319802354e+19	0.012231852381952126	0.0034592279525880233
501	GBM_grid_1_AutoML_20190415_201144_model_9	total_household_count_of_area_type	2.697776463367006e+19	0.007381570389693187	0.002087544374202756
502	GBM_grid_1_AutoML_20190415_201144_model_9	front_door_structure_corridor	2.3980414572492227e+19	0.006561444973092819	0.0018556088768517712
503	GBM_grid_1_AutoML_20190415_201144_model_9	heat_type_central	8.689851061906702e+18	0.0023776894846712937	0.0006724222686079292
504	DeepLearning_1_AutoML_20190415_201144	city	1.0	1.0	0.08734028794697159
505	DeepLearning_1_AutoML_20190415_201144	heat_type_central	0.8092573285102844	0.8092573285102844	0.07068076809528522
506	DeepLearning_1_AutoML_20190415_201144	supply_area	0.7630990147590637	0.7630990147590637	0.06664928768110695
507	DeepLearning_1_AutoML_20190415_201144	front_door_structure_corridor	0.7231513261795044	0.7231513261795044	0.06316024505775229
508	DeepLearning_1_AutoML_20190415_201144	heat_type_district	0.7207339406013489	0.7207339406013489	0.06294910990527733
509	DeepLearning_1_AutoML_20190415_201144	front_door_structure_stairway	0.6983993649482727	0.6983993649482727	0.06099840163656423
510	DeepLearning_1_AutoML_20190415_201144	total_parking_capacity_in_site	0.6856696605682373	0.6856696605682373	0.059886585590532115
511	DeepLearning_1_AutoML_20190415_201144	heat_fuel_gas	0.6202185153961182	0.6202185153961182	0.05417006372474019
512	DeepLearning_1_AutoML_20190415_201144	front_door_structure_mixed	0.6145893335342407	0.6145893335342407	0.05367840936001794
513	DeepLearning_1_AutoML_20190415_201144	exclusive_use_area	0.6140071749687195	0.6140071749687195	0.053627563463274526
514	DeepLearning_1_AutoML_20190415_201144	total_household_count_in_sites	0.5931966304779053	0.5931966304779053	0.05180996451511355
515	DeepLearning_1_AutoML_20190415_201144	room_count	0.5843256115913391	0.5843256115913391	0.051035167171177835
516	DeepLearning_1_AutoML_20190415_201144	apartment_building_count_in_sites	0.5812751650810242	0.5812751650810242	0.050768740294600094
517	DeepLearning_1_AutoML_20190415_201144	heat_type_individual	0.575050413608551	0.575050413608551	0.05022506870859596
518	DeepLearning_1_AutoML_20190415_201144	bathroom_count	0.5306406617164612	0.5306406617164612	0.04634630819068726
519	DeepLearning_1_AutoML_20190415_201144	total_household_count_of_area_type	0.5265575647354126	0.5265575647354126	0.045989689324647066
520	DeepLearning_1_AutoML_20190415_201144	heat_fuel_cogeneration	0.44886645674705505	0.44886645674705505	0.03920412558202466
521	DeepLearning_1_AutoML_20190415_201144	floor	0.3604317605495453	0.3604317605495453	0.0314802137516312
522	DeepLearning_grid_1_AutoML_20190415_201144_model_3	city	1.0	1.0	0.11605489466267181
523	DeepLearning_grid_1_AutoML_20190415_201144_model_3	total_parking_capacity_in_site	0.6052168011665344	0.6052168011665344	0.07023837210746134
524	DeepLearning_grid_1_AutoML_20190415_201144_model_3	apartment_building_count_in_sites	0.5932840704917908	0.5932840704917908	0.06885352030596593
525	DeepLearning_grid_1_AutoML_20190415_201144_model_3	total_household_count_in_sites	0.5024864077568054	0.5024864077568054	0.05831600712164041
526	DeepLearning_grid_1_AutoML_20190415_201144_model_3	supply_area	0.4967128038406372	0.4967128038406372	0.05764595212732552
527	DeepLearning_grid_1_AutoML_20190415_201144_model_3	room_count	0.48976603150367737	0.48976603150367737	0.05683974519551408
528	DeepLearning_grid_1_AutoML_20190415_201144_model_3	heat_fuel_cogeneration	0.48398590087890625	0.48398590087890625	0.056168932744719784
529	DeepLearning_grid_1_AutoML_20190415_201144_model_3	front_door_structure_stairway	0.47139957547187805	0.47139957547187805	0.05470822807541702
530	DeepLearning_grid_1_AutoML_20190415_201144_model_3	front_door_structure_corridor	0.45774099230766296	0.45774099230766296	0.053123082645052694
531	DeepLearning_grid_1_AutoML_20190415_201144_model_3	heat_type_individual	0.4413151443004608	0.4413151443004608	0.05121678258483179
532	DeepLearning_grid_1_AutoML_20190415_201144_model_3	bathroom_count	0.43964260816574097	0.43964260816574097	0.05102267657989736
533	DeepLearning_grid_1_AutoML_20190415_201144_model_3	heat_fuel_gas	0.42624029517173767	0.42624029517173767	0.04946727255714215
534	DeepLearning_grid_1_AutoML_20190415_201144_model_3	total_household_count_of_area_type	0.41386523842811584	0.41386523842811584	0.04803108665031654
535	DeepLearning_grid_1_AutoML_20190415_201144_model_3	heat_type_district	0.40961578488349915	0.40961578488349915	0.047537916766822126
536	DeepLearning_grid_1_AutoML_20190415_201144_model_3	floor	0.3886297047138214	0.3886297047138214	0.045102379443347794
537	DeepLearning_grid_1_AutoML_20190415_201144_model_3	exclusive_use_area	0.3772944509983063	0.3772944509983063	0.043786867767419024
538	DeepLearning_grid_1_AutoML_20190415_201144_model_3	heat_type_central	0.34987422823905945	0.34987422823905945	0.040604616703467634
539	DeepLearning_grid_1_AutoML_20190415_201144_model_3	front_door_structure_mixed	0.26954197883605957	0.26954197883605957	0.031281665960987005
540	DeepLearning_grid_1_AutoML_20190415_201144_model_2	city	1.0	1.0	0.09531066163307265
541	DeepLearning_grid_1_AutoML_20190415_201144_model_2	apartment_building_count_in_sites	0.7101782560348511	0.7101782560348511	0.06768755946010332
542	DeepLearning_grid_1_AutoML_20190415_201144_model_2	total_parking_capacity_in_site	0.7041901350021362	0.7041901350021362	0.06711682768253635
543	DeepLearning_grid_1_AutoML_20190415_201144_model_2	supply_area	0.6672900319099426	0.6672900319099426	0.06359985444249079
544	DeepLearning_grid_1_AutoML_20190415_201144_model_2	heat_type_individual	0.6481320261955261	0.6481320261955261	0.06177389224227957
545	DeepLearning_grid_1_AutoML_20190415_201144_model_2	exclusive_use_area	0.6387379169464111	0.6387379169464111	0.060878533474293055
546	DeepLearning_grid_1_AutoML_20190415_201144_model_2	bathroom_count	0.6281256675720215	0.6281256675720215	0.05986707296500481
547	DeepLearning_grid_1_AutoML_20190415_201144_model_2	front_door_structure_stairway	0.6275980472564697	0.6275980472564697	0.05981678512363853
548	DeepLearning_grid_1_AutoML_20190415_201144_model_2	heat_type_district	0.6085945963859558	0.6085945963859558	0.058005553647858255
549	DeepLearning_grid_1_AutoML_20190415_201144_model_2	total_household_count_in_sites	0.6069908738136292	0.6069908738136292	0.05785270178841391
550	DeepLearning_grid_1_AutoML_20190415_201144_model_2	heat_fuel_gas	0.5764238238334656	0.5764238238334656	0.054939336030633314
551	DeepLearning_grid_1_AutoML_20190415_201144_model_2	heat_fuel_cogeneration	0.5525303483009338	0.5525303483009338	0.05266203306891409
552	DeepLearning_grid_1_AutoML_20190415_201144_model_2	front_door_structure_corridor	0.5169896483421326	0.5169896483421326	0.04927462544093822
553	DeepLearning_grid_1_AutoML_20190415_201144_model_2	room_count	0.4956519305706024	0.4956519305706024	0.04724091344239391
554	DeepLearning_grid_1_AutoML_20190415_201144_model_2	floor	0.45588839054107666	0.45588839054107666	0.043451024133306634
555	DeepLearning_grid_1_AutoML_20190415_201144_model_2	heat_type_central	0.39763301610946655	0.39763301610946655	0.037898665852547496
556	DeepLearning_grid_1_AutoML_20190415_201144_model_2	total_household_count_of_area_type	0.36591237783432007	0.36591237783432007	0.034875350831119915
557	DeepLearning_grid_1_AutoML_20190415_201144_model_2	front_door_structure_mixed	0.29113855957984924	0.29113855957984924	0.027748608740455174
558	DeepLearning_grid_1_AutoML_20190415_201144_model_4	city	1.0	1.0	0.10296225946624818
559	DeepLearning_grid_1_AutoML_20190415_201144_model_4	heat_type_individual	0.574915885925293	0.574915885925293	0.059194638617907955
560	DeepLearning_grid_1_AutoML_20190415_201144_model_4	exclusive_use_area	0.5668036937713623	0.5668036937713623	0.05835938898451488
561	DeepLearning_grid_1_AutoML_20190415_201144_model_4	total_household_count_of_area_type	0.5604370832443237	0.5604370832443237	0.05770386837950939
562	DeepLearning_grid_1_AutoML_20190415_201144_model_4	supply_area	0.5499358177185059	0.5499358177185059	0.05662263435371616
563	DeepLearning_grid_1_AutoML_20190415_201144_model_4	total_household_count_in_sites	0.5381102561950684	0.5381102561950684	0.05540504781980591
564	DeepLearning_grid_1_AutoML_20190415_201144_model_4	front_door_structure_corridor	0.536097526550293	0.536097526550293	0.05519781262788513
565	DeepLearning_grid_1_AutoML_20190415_201144_model_4	heat_type_central	0.5356728434562683	0.5356728434562683	0.05515408629696724
566	DeepLearning_grid_1_AutoML_20190415_201144_model_4	total_parking_capacity_in_site	0.5308102369308472	0.5308102369308472	0.054653421342214556
567	DeepLearning_grid_1_AutoML_20190415_201144_model_4	room_count	0.5235419273376465	0.5235419273376465	0.053905059763998404
568	DeepLearning_grid_1_AutoML_20190415_201144_model_4	front_door_structure_stairway	0.5215603709220886	0.5215603709220886	0.05370103423819273
569	DeepLearning_grid_1_AutoML_20190415_201144_model_4	heat_type_district	0.4970247745513916	0.4970247745513916	0.05117479379851388
570	DeepLearning_grid_1_AutoML_20190415_201144_model_4	heat_fuel_cogeneration	0.4964418411254883	0.4964418411254883	0.051114773655864476
571	DeepLearning_grid_1_AutoML_20190415_201144_model_4	heat_fuel_gas	0.4730433523654938	0.4730433523654938	0.04870561238503983
572	DeepLearning_grid_1_AutoML_20190415_201144_model_4	bathroom_count	0.47168397903442383	0.47168397903442383	0.04856564823541471
573	DeepLearning_grid_1_AutoML_20190415_201144_model_4	apartment_building_count_in_sites	0.47093722224235535	0.47093722224235535	0.04848876046883157
574	DeepLearning_grid_1_AutoML_20190415_201144_model_4	floor	0.45063111186027527	0.45063111186027527	0.046397997462921566
575	DeepLearning_grid_1_AutoML_20190415_201144_model_4	front_door_structure_mixed	0.4146486520767212	0.4146486520767212	0.042693162102453434
576	DeepLearning_grid_1_AutoML_20190415_201144_model_5	city	1.0	1.0	0.06665344897758474
577	DeepLearning_grid_1_AutoML_20190415_201144_model_5	total_household_count_of_area_type	0.929588258266449	0.929588258266449	0.06196026354252462
578	DeepLearning_grid_1_AutoML_20190415_201144_model_5	apartment_building_count_in_sites	0.9126117825508118	0.9126117825508118	0.060828722884593185
579	DeepLearning_grid_1_AutoML_20190415_201144_model_5	supply_area	0.9096642732620239	0.9096642732620239	0.06063226122460201
580	DeepLearning_grid_1_AutoML_20190415_201144_model_5	heat_fuel_cogeneration	0.8939549326896667	0.8939549326896667	0.059585179494290895
581	DeepLearning_grid_1_AutoML_20190415_201144_model_5	floor	0.893642783164978	0.893642783164978	0.059564373651873684
582	DeepLearning_grid_1_AutoML_20190415_201144_model_5	bathroom_count	0.888623833656311	0.888623833656311	0.05922984335687667
583	DeepLearning_grid_1_AutoML_20190415_201144_model_5	heat_fuel_gas	0.8837688565254211	0.8837688565254211	0.05890624238639556
584	DeepLearning_grid_1_AutoML_20190415_201144_model_5	exclusive_use_area	0.8606740832328796	0.8606740832328796	0.05736689609309226
585	DeepLearning_grid_1_AutoML_20190415_201144_model_5	heat_type_individual	0.837114155292511	0.837114155292511	0.055796545638203326
586	DeepLearning_grid_1_AutoML_20190415_201144_model_5	total_household_count_in_sites	0.8125187754631042	0.8125187754631042	0.05415717874365965
587	DeepLearning_grid_1_AutoML_20190415_201144_model_5	room_count	0.7987143397331238	0.7987143397331238	0.05323706549106705
588	DeepLearning_grid_1_AutoML_20190415_201144_model_5	heat_type_central	0.7858608961105347	0.7858608961105347	0.05238033914238254
589	DeepLearning_grid_1_AutoML_20190415_201144_model_5	total_parking_capacity_in_site	0.7670523524284363	0.7670523524284363	0.05112668483572512
590	DeepLearning_grid_1_AutoML_20190415_201144_model_5	front_door_structure_stairway	0.759128212928772	0.759128212928772	0.050598513607892984
591	DeepLearning_grid_1_AutoML_20190415_201144_model_5	heat_type_district	0.7292100787162781	0.7292100787162781	0.04860436677565599
592	DeepLearning_grid_1_AutoML_20190415_201144_model_5	front_door_structure_corridor	0.7266422510147095	0.7266422510147095	0.04843321220296626
593	DeepLearning_grid_1_AutoML_20190415_201144_model_5	front_door_structure_mixed	0.6142047047615051	0.6142047047615051	0.04093886195061348
594	XGBoost_2_AutoML_20190415_195347	supply_area	5.723481566030762e+20	1.0	0.30216738531289544
595	XGBoost_2_AutoML_20190415_195347	city	4.3654151170539336e+20	0.762720219623482	0.23046917448890492
596	XGBoost_2_AutoML_20190415_195347	exclusive_use_area	2.354422775444186e+20	0.41136199152240477	0.12430017739543049
597	XGBoost_2_AutoML_20190415_195347	room_count	9.67536191562884e+19	0.16904679090874944	0.05108042680443256
598	XGBoost_2_AutoML_20190415_195347	apartment_building_count_in_sites	9.47202351284376e+19	0.16549408613562838	0.05000691529234992
599	XGBoost_2_AutoML_20190415_195347	total_parking_capacity_in_site	7.881655589665767e+19	0.1377073639311413	0.04161067409740429
600	XGBoost_2_AutoML_20190415_195347	heat_type_district	6.316340698633627e+19	0.11035836537190097	0.0333466987118325
601	XGBoost_2_AutoML_20190415_195347	total_household_count_in_sites	5.608366920727265e+19	0.09798873039118865	0.029608998452435725
602	XGBoost_2_AutoML_20190415_195347	heat_type_individual	5.32174315096606e+19	0.0929808734346408	0.028095787409854668
603	XGBoost_2_AutoML_20190415_195347	heat_fuel_cogeneration	4.894253030086751e+19	0.08551181607947274	0.025838881878091486
604	XGBoost_2_AutoML_20190415_195347	bathroom_count	4.630564633076302e+19	0.08090468327108812	0.024446756603592645
605	XGBoost_2_AutoML_20190415_195347	floor	3.631553865637167e+19	0.06345008407453738	0.019172546002686346
606	XGBoost_2_AutoML_20190415_195347	total_household_count_of_area_type	2.8966699804456387e+19	0.05061027884911109	0.015292775629792432
607	XGBoost_2_AutoML_20190415_195347	heat_fuel_gas	2.426334970064457e+19	0.04239264059947208	0.012809673366451772
608	XGBoost_2_AutoML_20190415_195347	front_door_structure_corridor	1.509662120431793e+19	0.026376639865352876	0.00797016030145356
609	XGBoost_2_AutoML_20190415_195347	front_door_structure_stairway	5.862272742883066e+18	0.010242494319674302	0.0030949477276581675
610	XGBoost_2_AutoML_20190415_195347	heat_type_central	1.3032090760831304e+18	0.002276951643939524	0.0006880205247331047
611	XGBoost_grid_1_AutoML_20190415_201144_model_2	supply_area	7.187946963579102e+20	1.0	0.2653153869878572
612	XGBoost_grid_1_AutoML_20190415_201144_model_2	city	6.308733837388022e+20	0.8776823019638291	0.2328626195979267
613	XGBoost_grid_1_AutoML_20190415_201144_model_2	exclusive_use_area	5.13549969108685e+20	0.7144598752756692	0.1895571982960604
614	XGBoost_grid_1_AutoML_20190415_201144_model_2	total_household_count_in_sites	1.282118870760759e+20	0.17837066373154656	0.047324481675216225
615	XGBoost_grid_1_AutoML_20190415_201144_model_2	apartment_building_count_in_sites	1.2257045124363164e+20	0.17052219759646087	0.045242162845324875
616	XGBoost_grid_1_AutoML_20190415_201144_model_2	heat_fuel_cogeneration	1.1541320229285632e+20	0.16056490521931802	0.04260033996493198
617	XGBoost_grid_1_AutoML_20190415_201144_model_2	total_parking_capacity_in_site	1.1130410743753186e+20	0.15484825917818137	0.04108362580825521
618	XGBoost_grid_1_AutoML_20190415_201144_model_2	total_household_count_of_area_type	6.630390686438077e+19	0.0922431776421539	0.02447353437311772
619	XGBoost_grid_1_AutoML_20190415_201144_model_2	heat_type_individual	5.859082839748562e+19	0.08151260532995284	0.021626548427504912
620	XGBoost_grid_1_AutoML_20190415_201144_model_2	bathroom_count	5.485982040658123e+19	0.07632196047710517	0.020249390479655103
621	XGBoost_grid_1_AutoML_20190415_201144_model_2	room_count	5.330014557039493e+19	0.07415211303097197	0.01967369656477966
622	XGBoost_grid_1_AutoML_20190415_201144_model_2	floor	4.503024362886844e+19	0.06264687797090601	0.016621180672431998
623	XGBoost_grid_1_AutoML_20190415_201144_model_2	front_door_structure_corridor	2.982251347602886e+19	0.04148961257941629	0.011007832617484102
624	XGBoost_grid_1_AutoML_20190415_201144_model_2	heat_type_district	2.9128600692623147e+19	0.040524228740440114	0.010751701430654315
625	XGBoost_grid_1_AutoML_20190415_201144_model_2	heat_fuel_gas	1.4568734676706394e+19	0.02026828348974374	0.005377487477660958
626	XGBoost_grid_1_AutoML_20190415_201144_model_2	heat_type_central	8.08583764772284e+18	0.011249161532066523	0.0029845756451691466
627	XGBoost_grid_1_AutoML_20190415_201144_model_2	front_door_structure_stairway	6.736747325802152e+18	0.00937228301758047	0.002486610895769085
628	XGBoost_grid_1_AutoML_20190415_201144_model_2	front_door_structure_mixed	2.0634042687018762e+18	0.0028706448157687064	0.0007616262402003605
629	GBM_grid_1_AutoML_20190415_201144_model_10	supply_area	3.0841365194674e+21	1.0	0.38715601840264646
630	GBM_grid_1_AutoML_20190415_201144_model_10	city	1.707248472116628e+21	0.5535580092970246	0.2143133148343312
631	GBM_grid_1_AutoML_20190415_201144_model_10	exclusive_use_area	1.2775016256115415e+21	0.4142169510162129	0.16036658551032104
632	GBM_grid_1_AutoML_20190415_201144_model_10	heat_type_district	4.15573807371519e+20	0.13474559402554737	0.05216756768023035
633	GBM_grid_1_AutoML_20190415_201144_model_10	apartment_building_count_in_sites	3.38796124264758e+20	0.1098512086369201	0.042529556552588395
634	GBM_grid_1_AutoML_20190415_201144_model_10	total_parking_capacity_in_site	3.0716277011336344e+20	0.09959441424674917	0.03855857687491522
635	GBM_grid_1_AutoML_20190415_201144_model_10	heat_fuel_cogeneration	2.1445706898543005e+20	0.06953553049022118	0.026921099122109857
636	GBM_grid_1_AutoML_20190415_201144_model_10	total_household_count_in_sites	1.554182203859513e+20	0.05039278235737453	0.01950986897371225
637	GBM_grid_1_AutoML_20190415_201144_model_10	floor	1.2962679141525619e+20	0.04203017298262836	0.01627223442472888
638	GBM_grid_1_AutoML_20190415_201144_model_10	total_household_count_of_area_type	1.2414624492028114e+20	0.04025316134245574	0.01558425367346449
639	GBM_grid_1_AutoML_20190415_201144_model_10	heat_type_individual	8.736409771833714e+19	0.028326923003208708	0.010966938723520621
640	GBM_grid_1_AutoML_20190415_201144_model_10	bathroom_count	5.682440579285883e+19	0.018424737502434504	0.007133248011556463
641	GBM_grid_1_AutoML_20190415_201144_model_10	front_door_structure_stairway	3.132477401403595e+19	0.010156740408963942	0.003932243176683747
642	GBM_grid_1_AutoML_20190415_201144_model_10	front_door_structure_corridor	1.9990486986409378e+19	0.006481712745278065	0.0025094340988915426
643	GBM_grid_1_AutoML_20190415_201144_model_10	heat_type_central	9.7955260021122e+18	0.0031761000008533316	0.001229646230379018
644	GBM_grid_1_AutoML_20190415_201144_model_10	room_count	6.766542991403254e+18	0.002193982966931622	0.000849413709920472
645	GBM_grid_1_AutoML_20190415_201144_model_10	heat_fuel_gas	0.0	0.0	0.0
646	GBM_grid_1_AutoML_20190415_201144_model_10	front_door_structure_mixed	0.0	0.0	0.0
647	XGBoost_grid_1_AutoML_20190415_201144_model_3	supply_area	6.726515182633138e+20	1.0	0.29336806602048654
648	XGBoost_grid_1_AutoML_20190415_201144_model_3	city	4.191890016036465e+20	0.6231889622221178	0.18282374061241677
649	XGBoost_grid_1_AutoML_20190415_201144_model_3	exclusive_use_area	3.981690484772202e+20	0.5919395670216183	0.17365616597813635
650	XGBoost_grid_1_AutoML_20190415_201144_model_3	total_parking_capacity_in_site	1.5084615197049592e+20	0.22425601946154564	0.06578955472288624
651	XGBoost_grid_1_AutoML_20190415_201144_model_3	apartment_building_count_in_sites	1.4358783591089544e+20	0.21346541561612448	0.06262393614156181
652	XGBoost_grid_1_AutoML_20190415_201144_model_3	floor	1.1343119624434824e+20	0.16863292977797883	0.04947151647633416
653	XGBoost_grid_1_AutoML_20190415_201144_model_3	total_household_count_of_area_type	8.241328712953155e+19	0.12252003435941154	0.03594346552878412
654	XGBoost_grid_1_AutoML_20190415_201144_model_3	heat_fuel_cogeneration	7.381752512590433e+19	0.10974111129116337	0.032194537582427574
655	XGBoost_grid_1_AutoML_20190415_201144_model_3	total_household_count_in_sites	7.209812203652776e+19	0.10718495399025395	0.031444642658615636
656	XGBoost_grid_1_AutoML_20190415_201144_model_3	heat_type_district	5.454534688689776e+19	0.081090052435659	0.023789231856549128
657	XGBoost_grid_1_AutoML_20190415_201144_model_3	heat_type_individual	3.3467702385362076e+19	0.04975489012761126	0.014596495891799113
658	XGBoost_grid_1_AutoML_20190415_201144_model_3	bathroom_count	2.2571185912334516e+19	0.033555541464635304	0.009844124303750302
659	XGBoost_grid_1_AutoML_20190415_201144_model_3	room_count	1.902130486992018e+19	0.028278096984052543	0.008295890622951248
660	XGBoost_grid_1_AutoML_20190415_201144_model_3	front_door_structure_mixed	1.372578089313239e+19	0.02040548563477611	0.005986317856883088
661	XGBoost_grid_1_AutoML_20190415_201144_model_3	front_door_structure_stairway	1.1963733245272523e+19	0.01778593063487183	0.005217824072726873
662	XGBoost_grid_1_AutoML_20190415_201144_model_3	front_door_structure_corridor	6.697318838830105e+18	0.009956595141748265	0.0029209470608836602
663	XGBoost_grid_1_AutoML_20190415_201144_model_3	heat_type_central	4.662625842386436e+18	0.006931710872257663	0.0020335426128074104
664	GBM_grid_1_AutoML_20190415_201144_model_12	exclusive_use_area	1.6758567994171117e+20	1.0	0.33111779068593944
665	GBM_grid_1_AutoML_20190415_201144_model_12	supply_area	1.267172901341144e+20	0.7561343557408282	0.25036953733463924
666	GBM_grid_1_AutoML_20190415_201144_model_12	city	7.64549104733111e+19	0.4562138632602933	0.15106052648304558
667	GBM_grid_1_AutoML_20190415_201144_model_12	heat_type_district	5.0797459193483756e+19	0.3031133639291369	0.10036622739159894
668	GBM_grid_1_AutoML_20190415_201144_model_12	apartment_building_count_in_sites	5.007928018845303e+19	0.2988279201771378	0.09894724072432813
669	GBM_grid_1_AutoML_20190415_201144_model_12	heat_fuel_gas	2.5844972987944534e+19	0.1542194595441198	0.05106480672502856
670	GBM_grid_1_AutoML_20190415_201144_model_12	heat_type_central	4.3492963645516677e+18	0.025952673080805108	0.00859339177291064
671	GBM_grid_1_AutoML_20190415_201144_model_12	front_door_structure_stairway	4.172140577183236e+18	0.02489556732194761	0.008243365249516363
672	GBM_grid_1_AutoML_20190415_201144_model_12	front_door_structure_corridor	6.042663362179891e+16	0.0003605715813118174	0.00011939166538810454
673	GBM_grid_1_AutoML_20190415_201144_model_12	room_count	5.958156444657254e+16	0.00035552897161198924	0.00011772196760500596
674	GBM_grid_1_AutoML_20190415_201144_model_12	floor	0.0	0.0	0.0
675	GBM_grid_1_AutoML_20190415_201144_model_12	total_parking_capacity_in_site	0.0	0.0	0.0
676	GBM_grid_1_AutoML_20190415_201144_model_12	total_household_count_in_sites	0.0	0.0	0.0
677	GBM_grid_1_AutoML_20190415_201144_model_12	total_household_count_of_area_type	0.0	0.0	0.0
678	GBM_grid_1_AutoML_20190415_201144_model_12	bathroom_count	0.0	0.0	0.0
679	GBM_grid_1_AutoML_20190415_201144_model_12	heat_fuel_cogeneration	0.0	0.0	0.0
680	GBM_grid_1_AutoML_20190415_201144_model_12	heat_type_individual	0.0	0.0	0.0
681	GBM_grid_1_AutoML_20190415_201144_model_12	front_door_structure_mixed	0.0	0.0	0.0
682	GLM_grid_1_AutoML_20190415_201144_model_1	supply_area	0.041753189335542236	1.0	0.11103906092369716
683	GLM_grid_1_AutoML_20190415_201144_model_1	exclusive_use_area	0.04163643564710599	0.9972037180801214	0.11072856440523593
684	GLM_grid_1_AutoML_20190415_201144_model_1	city	0.0337402559954679	0.8080881133251931	0.08972934524723161
685	GLM_grid_1_AutoML_20190415_201144_model_1	room_count	0.03137101905102529	0.7513442577743596	0.08342856081367714
686	GLM_grid_1_AutoML_20190415_201144_model_1	bathroom_count	0.027381345783815753	0.6557905209053693	0.0728183636039944
687	GLM_grid_1_AutoML_20190415_201144_model_1	total_parking_capacity_in_site	0.024397458924032233	0.5843256362517915	0.06488296992304078
688	GLM_grid_1_AutoML_20190415_201144_model_1	apartment_building_count_in_sites	0.024300519747340665	0.5820039171631601	0.06462516841571053
689	GLM_grid_1_AutoML_20190415_201144_model_1	heat_fuel_cogeneration	0.02282164565148151	0.5465844888657325	0.06069222835910995
690	GLM_grid_1_AutoML_20190415_201144_model_1	heat_fuel_gas	0.02282164564925166	0.5465844888123271	0.060692228353179854
691	GLM_grid_1_AutoML_20190415_201144_model_1	heat_type_district	0.022393722813799033	0.5363356229828524	0.05955420391594201
692	GLM_grid_1_AutoML_20190415_201144_model_1	heat_type_individual	0.0210570895604752	0.504322900731093	0.05599954129949551
693	GLM_grid_1_AutoML_20190415_201144_model_1	total_household_count_in_sites	0.0174048868611846	0.4168516738042035	0.04628681840369009
694	GLM_grid_1_AutoML_20190415_201144_model_1	front_door_structure_corridor	0.015736058954374292	0.37688280116553957	0.04184871231971399
695	GLM_grid_1_AutoML_20190415_201144_model_1	front_door_structure_stairway	0.014417769306997117	0.34530941315958463	0.03834283296535323
696	GLM_grid_1_AutoML_20190415_201144_model_1	floor	0.007399192749982091	0.17721263615384603	0.01967752470233589
697	GLM_grid_1_AutoML_20190415_201144_model_1	front_door_structure_mixed	0.0035210411863724443	0.08432987377505967	0.009363909991796543
698	GLM_grid_1_AutoML_20190415_201144_model_1	total_household_count_of_area_type	0.0027857741671791043	0.06672003292471182	0.007408529800758156
699	GLM_grid_1_AutoML_20190415_201144_model_1	heat_type_central	0.0010834850824724893	0.02594975616749298	0.002881436556037339
700	GBM_grid_1_AutoML_20190415_201144_model_4	supply_area	1.7464614548096313e+20	1.0	0.2813623455025555
701	GBM_grid_1_AutoML_20190415_201144_model_4	total_parking_capacity_in_site	7.106299341162781e+19	0.40689700431650155	0.11448549551245434
702	GBM_grid_1_AutoML_20190415_201144_model_4	total_household_count_of_area_type	6.636810954734987e+19	0.3800147398877702	0.10692183854036655
703	GBM_grid_1_AutoML_20190415_201144_model_4	floor	6.378004389351863e+19	0.36519582907411385	0.10275235503604303
704	GBM_grid_1_AutoML_20190415_201144_model_4	apartment_building_count_in_sites	5.247006266993567e+19	0.30043641974139673	0.08453149573282966
705	GBM_grid_1_AutoML_20190415_201144_model_4	exclusive_use_area	4.634107699345647e+19	0.2653426840073477	0.07465743993425077
706	GBM_grid_1_AutoML_20190415_201144_model_4	total_household_count_in_sites	3.700841350080076e+19	0.211905126213248	0.05962212333537451
707	GBM_grid_1_AutoML_20190415_201144_model_4	heat_fuel_cogeneration	3.1460007347182633e+19	0.18013570961182107	0.050683405765149216
708	GBM_grid_1_AutoML_20190415_201144_model_4	room_count	2.1718848896529072e+19	0.1243591654239886	0.03498998646843374
709	GBM_grid_1_AutoML_20190415_201144_model_4	city	2.121044351593847e+19	0.12144810558244164	0.03417092384351778
710	GBM_grid_1_AutoML_20190415_201144_model_4	heat_type_individual	8.088872849571316e+18	0.04631578227675814	0.01303151713517436
711	GBM_grid_1_AutoML_20190415_201144_model_4	bathroom_count	7.31270395202424e+18	0.041871545071238594	0.01178107613105966
712	GBM_grid_1_AutoML_20190415_201144_model_4	heat_type_district	4.850913360352379e+18	0.027775668034317656	0.007815027106035972
713	GBM_grid_1_AutoML_20190415_201144_model_4	front_door_structure_stairway	4.26940255114258e+18	0.02444601648312906	0.006878188535887325
714	GBM_grid_1_AutoML_20190415_201144_model_4	heat_fuel_gas	3.6806083020324864e+18	0.021074660948836584	0.005929616035235773
715	GBM_grid_1_AutoML_20190415_201144_model_4	heat_type_central	2.334959451506737e+18	0.013369659233396902	0.0037617186804784503
716	GBM_grid_1_AutoML_20190415_201144_model_4	front_door_structure_mixed	2.1598440828415508e+18	0.012366972525465666	0.0034796003965306826
717	GBM_grid_1_AutoML_20190415_201144_model_4	front_door_structure_corridor	1.9526775379098337e+18	0.01118076515535054	0.0031458463086226724
